timestamp,title,url,product_id,tags,sales,daily_sales_diff,favorites,review_count,rating_score,rating_votes,price,reference_revenue
2026-07-19T15:01:01.055359+00:00,˜S–‚ÌƒAƒYƒn,https://www.dlsite.com/maniax/work/=/product_id/RJ01401063.html,RJ01401063,,992,992,2003,1,4.03,172,858,514
2026-07-19T15:01:01.055359+00:00,‰õŠy‘Â‚¿ƒƒCƒh,https://www.dlsite.com/maniax/work/=/product_id/RJ01405134.html,RJ01405134,,1501,1501,2669,2,3.97,233,858,514
2026-07-19T15:01:01.055359+00:00,”ülá—«—L—,https://www.dlsite.com/maniax/work/=/product_id/RJ01405145.html,RJ01405145,,264,264,840,1,4,50,858,514
2026-07-19T15:01:01.055359+00:00,–³C‚È­—‚ğ‰´D‚İ‚Éõ‚ß‚é‚Ü‚Å,https://www.dlsite.com/maniax/work/=/product_id/RJ01406775.html,RJ01406775,,2894,2894,4597,2,3.86,454,858,514
2026-07-19T15:01:01.055359+00:00,•Ó‹«‘º‚Ìˆú—”š“ûƒVƒXƒ^[,https://www.dlsite.com/maniax/work/=/product_id/RJ01411103.html,RJ01411103,,1311,1311,2831,2,4.12,233,858,514
2026-07-19T15:01:01.055359+00:00,—ö“üŠ¯ƒ‰ƒCƒJ,https://www.dlsite.com/maniax/work/=/product_id/RJ01468362.html,RJ01468362,,845,845,1750,,4.17,117,1188,712
2026-07-19T15:01:01.055359+00:00,NTR—c“éõ,https://www.dlsite.com/maniax/work/=/product_id/RJ01474148.html,RJ01474148,,1908,1908,3422,2,4.16,269,1188,712
2026-07-19T15:01:01.055359+00:00,“Á‘Î4”ÇƒJƒKƒŠƒƒC‚Ìö“ü‘{¸,https://www.dlsite.com/maniax/work/=/product_id/RJ01477080.html,RJ01477080,,956,956,1763,2,4.09,168,1188,712
2026-07-19T15:01:01.055359+00:00,“û•‘º‚ÌˆúK,https://www.dlsite.com/maniax/work/=/product_id/RJ01503190.html,RJ01503190,,1083,1083,2864,3,4.11,159,1188,712
2026-07-19T15:01:01.055359+00:00,•ß‚ç‚í‚ê‚ÌƒZƒCƒ‰,https://www.dlsite.com/maniax/work/=/product_id/RJ01548560.html,RJ01548560,,3176,3176,4784,2,4.08,334,1122,673
2026-07-19T15:01:01.055359+00:00,V•Ä”ülOL‚ğ‰´ê—p‚Ìˆú——‚ÉI,https://www.dlsite.com/maniax/work/=/product_id/RJ01584326.html,RJ01584326,,2998,2998,4033,,4.11,265,1188,712
2026-07-19T15:01:01.055359+00:00,‚Ş‚Á‚Â‚èƒhƒXƒPƒxƒVƒXƒ^[ƒAƒŠƒA‚Æ”š“ûƒGƒbƒ`‚·‚éRPG,https://www.dlsite.com/maniax/work/=/product_id/RJ01630451.html,RJ01630451,,681,681,2504,1,3.77,57,858,514
2026-07-19T15:01:01.055359+00:00,––±“IƒƒCƒh‚ÍƒUƒR‚Ü‚ñ‚±,https://www.dlsite.com/maniax/work/=/product_id/RJ01643769.html,RJ01643769,,239,239,1458,,4.33,18,1584,950
2026-07-19T15:01:01.055359+00:00,¶ˆÓ‹C‚È—c“éõ”Ş—‚ğˆ¤‚µ‚Ä‚í‚©‚ç‚¹‚éƒQ[ƒ€,https://www.dlsite.com/maniax/work/=/product_id/RJ01646553.html,RJ01646553,,144,144,776,,3.92,12,1584,950
2026-07-19T15:01:01.055359+00:00,•P‹RmƒGƒCƒ‹‚Ì’²‹³’Eo,https://www.dlsite.com/maniax/work/=/product_id/RJ01650277.html,RJ01650277,,22,22,284,,,,1144,686
2026-07-19T15:01:01.055359+00:00,‹Ö’f‚ÌQæ‚ç‚ê–Ú˜^,https://www.dlsite.com/maniax/work/=/product_id/RJ01669480.html,RJ01669480,,495,495,1861,1,3.76,25,1584,950
2026-07-20T15:01:02.028951+00:00,˜S–‚ÌƒAƒYƒn,https://www.dlsite.com/maniax/work/=/product_id/RJ01401063.html,RJ01401063,,992,0,2003,1,4.03,172,715,429
2026-07-20T15:01:02.028951+00:00,‰õŠy‘Â‚¿ƒƒCƒh,https://www.dlsite.com/maniax/work/=/product_id/RJ01405134.html,RJ01405134,,1501,0,2669,2,3.97,233,715,429
2026-07-20T15:01:02.028951+00:00,”ülá—«—L—,https://www.dlsite.com/maniax/work/=/product_id/RJ01405145.html,RJ01405145,,265,1,840,1,4,50,715,429
2026-07-20T15:01:02.028951+00:00,–³C‚È­—‚ğ‰´D‚İ‚Éõ‚ß‚é‚Ü‚Å,https://www.dlsite.com/maniax/work/=/product_id/RJ01406775.html,RJ01406775,,2894,0,4601,2,3.86,454,715,429
2026-07-20T15:01:02.028951+00:00,•Ó‹«‘º‚Ìˆú—”š“ûƒVƒXƒ^[,https://www.dlsite.com/maniax/work/=/product_id/RJ01411103.html,RJ01411103,,1311,0,2830,2,4.12,233,715,429
2026-07-20T15:01:02.028951+00:00,—ö“üŠ¯ƒ‰ƒCƒJ,https://www.dlsite.com/maniax/work/=/product_id/RJ01468362.html,RJ01468362,,845,0,1751,,4.17,117,990,594
2026-07-20T15:01:02.028951+00:00,NTR—c“éõ,https://www.dlsite.com/maniax/work/=/product_id/RJ01474148.html,RJ01474148,,1908,0,3427,2,4.16,269,990,594
2026-07-20T15:01:02.028951+00:00,“Á‘Î4”ÇƒJƒKƒŠƒƒC‚Ìö“ü‘{¸,https://www.dlsite.com/maniax/work/=/product_id/RJ01477080.html,RJ01477080,,959,3,1765,2,4.09,168,990,594
2026-07-20T15:01:02.028951+00:00,“û•‘º‚ÌˆúK,https://www.dlsite.com/maniax/work/=/product_id/RJ01503190.html,RJ01503190,,1083,0,2867,3,4.11,159,990,594
2026-07-20T15:01:02.028951+00:00,•ß‚ç‚í‚ê‚ÌƒZƒCƒ‰,https://www.dlsite.com/maniax/work/=/product_id/RJ01548560.html,RJ01548560,,3180,4,4785,2,4.08,335,935,561
2026-07-20T15:01:02.028951+00:00,V•Ä”ülOL‚ğ‰´ê—p‚Ìˆú——‚ÉI,https://www.dlsite.com/maniax/work/=/product_id/RJ01584326.html,RJ01584326,,3013,15,4040,,4.12,266,990,594
2026-07-20T15:01:02.028951+00:00,‚Ş‚Á‚Â‚èƒhƒXƒPƒxƒVƒXƒ^[ƒAƒŠƒA‚Æ”š“ûƒGƒbƒ`‚·‚éRPG,https://www.dlsite.com/maniax/work/=/product_id/RJ01630451.html,RJ01630451,,696,15,2506,1,3.79,58,715,429
2026-07-20T15:01:02.028951+00:00,––±“IƒƒCƒh‚ÍƒUƒR‚Ü‚ñ‚±,https://www.dlsite.com/maniax/work/=/product_id/RJ01643769.html,RJ01643769,,240,1,1458,,4.33,18,1980,1188
2026-07-20T15:01:02.028951+00:00,¶ˆÓ‹C‚È—c“éõ”Ş—‚ğˆ¤‚µ‚Ä‚í‚©‚ç‚¹‚éƒQ[ƒ€,https://www.dlsite.com/maniax/work/=/product_id/RJ01646553.html,RJ01646553,,146,2,775,,3.92,12,1980,1188
2026-07-20T15:01:02.028951+00:00,•P‹RmƒGƒCƒ‹‚Ì’²‹³’Eo,https://www.dlsite.com/maniax/work/=/product_id/RJ01650277.html,RJ01650277,,22,0,285,,,,1430,858
2026-07-20T15:01:02.028951+00:00,‹Ö’f‚ÌQæ‚ç‚ê–Ú˜^,https://www.dlsite.com/maniax/work/=/product_id/RJ01669480.html,RJ01669480,,520,25,1886,1,3.78,27,1584,950
2026-07-21T15:01:02.114858+00:00,˜S–‚ÌƒAƒYƒn,https://www.dlsite.com/maniax/work/=/product_id/RJ01401063.html,RJ01401063,,993,1,2004,1,4.03,172,715,429
2026-07-21T15:01:02.114858+00:00,‰õŠy‘Â‚¿ƒƒCƒh,https://www.dlsite.com/maniax/work/=/product_id/RJ01405134.html,RJ01405134,,1501,0,2669,2,3.97,233,715,429
2026-07-21T15:01:02.114858+00:00,”ülá—«—L—,https://www.dlsite.com/maniax/work/=/product_id/RJ01405145.html,RJ01405145,,265,0,840,1,4,50,715,429
2026-07-21T15:01:02.114858+00:00,–³C‚È­—‚ğ‰´D‚İ‚Éõ‚ß‚é‚Ü‚Å,https://www.dlsite.com/maniax/work/=/product_id/RJ01406775.html,RJ01406775,,2894,0,4601,2,3.85,455,715,429
2026-07-21T15:01:02.114858+00:00,•Ó‹«‘º‚Ìˆú—”š“ûƒVƒXƒ^[,https://www.dlsite.com/maniax/work/=/product_id/RJ01411103.html,RJ01411103,,1311,0,2830,2,4.12,233,715,429
2026-07-21T15:01:02.114858+00:00,—ö“üŠ¯ƒ‰ƒCƒJ,https://www.dlsite.com/maniax/work/=/product_id/RJ01468362.html,RJ01468362,,847,2,1750,,4.17,117,990,594
2026-07-21T15:01:02.114858+00:00,NTR—c“éõ,https://www.dlsite.com/maniax/work/=/product_id/RJ01474148.html,RJ01474148,,1908,0,3424,2,4.16,269,990,594
2026-07-21T15:01:02.114858+00:00,“Á‘Î4”ÇƒJƒKƒŠƒƒC‚Ìö“ü‘{¸,https://www.dlsite.com/maniax/work/=/product_id/RJ01477080.html,RJ01477080,,959,0,1765,2,4.09,168,990,594
2026-07-21T15:01:02.114858+00:00,“û•‘º‚ÌˆúK,https://www.dlsite.com/maniax/work/=/product_id/RJ01503190.html,RJ01503190,,1083,0,2866,3,4.11,159,990,594
2026-07-21T15:01:02.114858+00:00,•ß‚ç‚í‚ê‚ÌƒZƒCƒ‰,https://www.dlsite.com/maniax/work/=/product_id/RJ01548560.html,RJ01548560,,3189,9,4786,2,4.08,337,935,561
2026-07-21T15:01:02.114858+00:00,V•Ä”ülOL‚ğ‰´ê—p‚Ìˆú——‚ÉI,https://www.dlsite.com/maniax/work/=/product_id/RJ01584326.html,RJ01584326,,3024,11,4048,,4.12,267,990,594
2026-07-21T15:01:02.114858+00:00,‚Ş‚Á‚Â‚èƒhƒXƒPƒxƒVƒXƒ^[ƒAƒŠƒA‚Æ”š“ûƒGƒbƒ`‚·‚éRPG,https://www.dlsite.com/maniax/work/=/product_id/RJ01630451.html,RJ01630451,,701,5,2512,1,3.79,58,715,429
2026-07-21T15:01:02.114858+00:00,––±“IƒƒCƒh‚ÍƒUƒR‚Ü‚ñ‚±,https://www.dlsite.com/maniax/work/=/product_id/RJ01643769.html,RJ01643769,,240,0,1460,,4.33,18,1980,1188
2026-07-21T15:01:02.114858+00:00,¶ˆÓ‹C‚È—c“éõ”Ş—‚ğˆ¤‚µ‚Ä‚í‚©‚ç‚¹‚éƒQ[ƒ€,https://www.dlsite.com/maniax/work/=/product_id/RJ01646553.html,RJ01646553,,146,0,773,,3.92,12,1980,1188
2026-07-21T15:01:02.114858+00:00,•P‹RmƒGƒCƒ‹‚Ì’²‹³’Eo,https://www.dlsite.com/maniax/work/=/product_id/RJ01650277.html,RJ01650277,,22,0,284,,,,1430,858
2026-07-21T15:01:02.114858+00:00,‹Ö’f‚ÌQæ‚ç‚ê–Ú˜^,https://www.dlsite.com/maniax/work/=/product_id/RJ01669480.html,RJ01669480,,534,14,1915,1,3.7,30,1584,950
2026-07-22T15:01:02.052265+00:00,˜S–‚ÌƒAƒYƒn,https://www.dlsite.com/maniax/work/=/product_id/RJ01401063.html,RJ01401063,,993,0,2004,1,4.03,172,715,429
2026-07-22T15:01:02.052265+00:00,‰õŠy‘Â‚¿ƒƒCƒh,https://www.dlsite.com/maniax/work/=/product_id/RJ01405134.html,RJ01405134,,1502,1,2668,2,3.97,233,715,429
2026-07-22T15:01:02.052265+00:00,”ülá—«—L—,https://www.dlsite.com/maniax/work/=/product_id/RJ01405145.html,RJ01405145,,266,1,841,1,4,50,715,429
2026-07-22T15:01:02.052265+00:00,–³C‚È­—‚ğ‰´D‚İ‚Éõ‚ß‚é‚Ü‚Å,https://www.dlsite.com/maniax/work/=/product_id/RJ01406775.html,RJ01406775,,2894,0,4603,2,3.85,455,715,429
2026-07-22T15:01:02.052265+00:00,•Ó‹«‘º‚Ìˆú—”š“ûƒVƒXƒ^[,https://www.dlsite.com/maniax/work/=/product_id/RJ01411103.html,RJ01411103,,1311,0,2828,2,4.12,233,715,429
2026-07-22T15:01:02.052265+00:00,—ö“üŠ¯ƒ‰ƒCƒJ,https://www.dlsite.com/maniax/work/=/product_id/RJ01468362.html,RJ01468362,,847,0,1750,,4.17,117,990,594
2026-07-22T15:01:02.052265+00:00,NTR—c“éõ,https://www.dlsite.com/maniax/work/=/product_id/RJ01474148.html,RJ01474148,,1908,0,3425,2,4.16,269,990,594
2026-07-22T15:01:02.052265+00:00,“Á‘Î4”ÇƒJƒKƒŠƒƒC‚Ìö“ü‘{¸,https://www.dlsite.com/maniax/work/=/product_id/RJ01477080.html,RJ01477080,,960,1,1764,2,4.09,168,990,594
2026-07-22T15:01:02.052265+00:00,“û•‘º‚ÌˆúK,https://www.dlsite.com/maniax/work/=/product_id/RJ01503190.html,RJ01503190,,1083,0,2866,3,4.11,159,990,594
2026-07-22T15:01:02.052265+00:00,•ß‚ç‚í‚ê‚ÌƒZƒCƒ‰,https://www.dlsite.com/maniax/work/=/product_id/RJ01548560.html,RJ01548560,,3190,1,4788,2,4.08,337,935,561
2026-07-22T15:01:02.052265+00:00,V•Ä”ülOL‚ğ‰´ê—p‚Ìˆú——‚ÉI,https://www.dlsite.com/maniax/work/=/product_id/RJ01584326.html,RJ01584326,,3035,11,4061,,4.12,268,990,594
2026-07-22T15:01:02.052265+00:00,‚Ş‚Á‚Â‚èƒhƒXƒPƒxƒVƒXƒ^[ƒAƒŠƒA‚Æ”š“ûƒGƒbƒ`‚·‚éRPG,https://www.dlsite.com/maniax/work/=/product_id/RJ01630451.html,RJ01630451,,706,5,2515,1,3.79,58,715,429
2026-07-22T15:01:02.052265+00:00,––±“IƒƒCƒh‚ÍƒUƒR‚Ü‚ñ‚±,https://www.dlsite.com/maniax/work/=/product_id/RJ01643769.html,RJ01643769,,240,0,1462,,4.33,18,1980,1188
2026-07-22T15:01:02.052265+00:00,¶ˆÓ‹C‚È—c“éõ”Ş—‚ğˆ¤‚µ‚Ä‚í‚©‚ç‚¹‚éƒQ[ƒ€,https://www.dlsite.com/maniax/work/=/product_id/RJ01646553.html,RJ01646553,,146,0,773,,3.92,12,1980,1188
2026-07-22T15:01:02.052265+00:00,•P‹RmƒGƒCƒ‹‚Ì’²‹³’Eo,https://www.dlsite.com/maniax/work/=/product_id/RJ01650277.html,RJ01650277,,22,0,283,,,,1430,858
2026-07-22T15:01:02.052265+00:00,‹Ö’f‚ÌQæ‚ç‚ê–Ú˜^,https://www.dlsite.com/maniax/work/=/product_id/RJ01669480.html,RJ01669480,,546,12,1938,1,3.7,30,1584,950
2026-07-23T15:01:02.047801+00:00,˜S–‚ÌƒAƒYƒn,https://www.dlsite.com/maniax/work/=/product_id/RJ01401063.html,RJ01401063,,993,0,2004,1,4.03,172,715,429
2026-07-23T15:01:02.047801+00:00,‰õŠy‘Â‚¿ƒƒCƒh,https://www.dlsite.com/maniax/work/=/product_id/RJ01405134.html,RJ01405134,,1503,1,2668,2,3.97,233,715,429
2026-07-23T15:01:02.047801+00:00,”ülá—«—L—,https://www.dlsite.com/maniax/work/=/product_id/RJ01405145.html,RJ01405145,,266,0,841,1,4,50,715,429
2026-07-23T15:01:02.047801+00:00,–³C‚È­—‚ğ‰´D‚İ‚Éõ‚ß‚é‚Ü‚Å,https://www.dlsite.com/maniax/work/=/product_id/RJ01406775.html,RJ01406775,,2895,1,4604,2,3.85,455,715,429
2026-07-23T15:01:02.047801+00:00,•Ó‹«‘º‚Ìˆú—”š“ûƒVƒXƒ^[,https://www.dlsite.com/maniax/work/=/product_id/RJ01411103.html,RJ01411103,,1312,1,2828,2,4.12,233,715,429
2026-07-23T15:01:02.047801+00:00,—ö“üŠ¯ƒ‰ƒCƒJ,https://www.dlsite.com/maniax/work/=/product_id/RJ01468362.html,RJ01468362,,848,1,1749,,4.17,117,990,594
2026-07-23T15:01:02.047801+00:00,NTR—c“éõ,https://www.dlsite.com/maniax/work/=/product_id/RJ01474148.html,RJ01474148,,1908,0,3423,2,4.16,269,990,594
2026-07-23T15:01:02.047801+00:00,“Á‘Î4”ÇƒJƒKƒŠƒƒC‚Ìö“ü‘{¸,https://www.dlsite.com/maniax/work/=/product_id/RJ01477080.html,RJ01477080,,961,1,1762,2,4.09,168,990,594
2026-07-23T15:01:02.047801+00:00,“û•‘º‚ÌˆúK,https://www.dlsite.com/maniax/work/=/product_id/RJ01503190.html,RJ01503190,,1084,1,2866,3,4.11,159,990,594
2026-07-23T15:01:02.047801+00:00,•ß‚ç‚í‚ê‚ÌƒZƒCƒ‰,https://www.dlsite.com/maniax/work/=/product_id/RJ01548560.html,RJ01548560,,3197,7,4789,2,4.08,337,935,561
2026-07-23T15:01:02.047801+00:00,V•Ä”ülOL‚ğ‰´ê—p‚Ìˆú——‚ÉI,https://www.dlsite.com/maniax/work/=/product_id/RJ01584326.html,RJ01584326,,3044,9,4062,,4.13,271,990,594
2026-07-23T15:01:02.047801+00:00,‚Ş‚Á‚Â‚èƒhƒXƒPƒxƒVƒXƒ^[ƒAƒŠƒA‚Æ”š“ûƒGƒbƒ`‚·‚éRPG,https://www.dlsite.com/maniax/work/=/product_id/RJ01630451.html,RJ01630451,,712,6,2521,1,3.79,58,715,429
2026-07-23T15:01:02.047801+00:00,––±“IƒƒCƒh‚ÍƒUƒR‚Ü‚ñ‚±,https://www.dlsite.com/maniax/work/=/product_id/RJ01643769.html,RJ01643769,,241,1,1463,,4.33,18,1980,1188
2026-07-23T15:01:02.047801+00:00,¶ˆÓ‹C‚È—c“éõ”Ş—‚ğˆ¤‚µ‚Ä‚í‚©‚ç‚¹‚éƒQ[ƒ€,https://www.dlsite.com/maniax/work/=/product_id/RJ01646553.html,RJ01646553,,146,0,774,,3.92,13,1980,1188
2026-07-23T15:01:02.047801+00:00,•P‹RmƒGƒCƒ‹‚Ì’²‹³’Eo,https://www.dlsite.com/maniax/work/=/product_id/RJ01650277.html,RJ01650277,,22,0,283,,,,1430,858
2026-07-23T15:01:02.047801+00:00,‹Ö’f‚ÌQæ‚ç‚ê–Ú˜^,https://www.dlsite.com/maniax/work/=/product_id/RJ01669480.html,RJ01669480,,556,10,1942,1,3.74,31,1584,950
2026-07-24T15:01:02.091651+00:00,˜S–‚ÌƒAƒYƒn,https://www.dlsite.com/maniax/work/=/product_id/RJ01401063.html,RJ01401063,,993,0,2004,1,4.03,172,715,429
2026-07-24T15:01:02.091651+00:00,‰õŠy‘Â‚¿ƒƒCƒh,https://www.dlsite.com/maniax/work/=/product_id/RJ01405134.html,RJ01405134,,1503,0,2668,2,3.97,233,715,429
2026-07-24T15:01:02.091651+00:00,”ülá—«—L—,https://www.dlsite.com/maniax/work/=/product_id/RJ01405145.html,RJ01405145,,266,0,840,1,4,50,715,429
2026-07-24T15:01:02.091651+00:00,–³C‚È­—‚ğ‰´D‚İ‚Éõ‚ß‚é‚Ü‚Å,https://www.dlsite.com/maniax/work/=/product_id/RJ01406775.html,RJ01406775,,2895,0,4602,2,3.85,455,715,429
2026-07-24T15:01:02.091651+00:00,•Ó‹«‘º‚Ìˆú—”š“ûƒVƒXƒ^[,https://www.dlsite.com/maniax/work/=/product_id/RJ01411103.html,RJ01411103,,1313,1,2828,2,4.12,233,715,429
2026-07-24T15:01:02.091651+00:00,—ö“üŠ¯ƒ‰ƒCƒJ,https://www.dlsite.com/maniax/work/=/product_id/RJ01468362.html,RJ01468362,,848,0,1749,,4.17,117,990,594
2026-07-24T15:01:02.091651+00:00,NTR—c“éõ,https://www.dlsite.com/maniax/work/=/product_id/RJ01474148.html,RJ01474148,,1908,0,3426,2,4.16,269,990,594
2026-07-24T15:01:02.091651+00:00,“Á‘Î4”ÇƒJƒKƒŠƒƒC‚Ìö“ü‘{¸,https://www.dlsite.com/maniax/work/=/product_id/RJ01477080.html,RJ01477080,,961,0,1763,2,4.08,169,990,594
2026-07-24T15:01:02.091651+00:00,“û•‘º‚ÌˆúK,https://www.dlsite.com/maniax/work/=/product_id/RJ01503190.html,RJ01503190,,1084,0,2867,3,4.11,159,990,594
2026-07-24T15:01:02.091651+00:00,•ß‚ç‚í‚ê‚ÌƒZƒCƒ‰,https://www.dlsite.com/maniax/work/=/product_id/RJ01548560.html,RJ01548560,,3200,3,4790,2,4.08,339,935,561
2026-07-24T15:01:02.091651+00:00,V•Ä”ülOL‚ğ‰´ê—p‚Ìˆú——‚ÉI,https://www.dlsite.com/maniax/work/=/product_id/RJ01584326.html,RJ01584326,,3047,3,4063,,4.13,271,990,594
2026-07-24T15:01:02.091651+00:00,‚Ş‚Á‚Â‚èƒhƒXƒPƒxƒVƒXƒ^[ƒAƒŠƒA‚Æ”š“ûƒGƒbƒ`‚·‚éRPG,https://www.dlsite.com/maniax/work/=/product_id/RJ01630451.html,RJ01630451,,721,9,2531,1,3.79,58,715,429
2026-07-24T15:01:02.091651+00:00,––±“IƒƒCƒh‚ÍƒUƒR‚Ü‚ñ‚±,https://www.dlsite.com/maniax/work/=/product_id/RJ01643769.html,RJ01643769,,241,0,1464,,4.33,18,1980,1188
2026-07-24T15:01:02.091651+00:00,¶ˆÓ‹C‚È—c“éõ”Ş—‚ğˆ¤‚µ‚Ä‚í‚©‚ç‚¹‚éƒQ[ƒ€,https://www.dlsite.com/maniax/work/=/product_id/RJ01646553.html,RJ01646553,,146,0,774,,3.92,13,1980,1188
2026-07-24T15:01:02.091651+00:00,•P‹RmƒGƒCƒ‹‚Ì’²‹³’Eo,https://www.dlsite.com/maniax/work/=/product_id/RJ01650277.html,RJ01650277,,22,0,285,,,,1430,858
2026-07-24T15:01:02.091651+00:00,‹Ö’f‚ÌQæ‚ç‚ê–Ú˜^,https://www.dlsite.com/maniax/work/=/product_id/RJ01669480.html,RJ01669480,,566,10,1957,1,3.82,33,1584,950
2026-07-25T15:01:02.115973+00:00,˜S–‚ÌƒAƒYƒn,https://www.dlsite.com/maniax/work/=/product_id/RJ01401063.html,RJ01401063,,993,0,2005,1,4.03,172,715,429
2026-07-25T15:01:02.115973+00:00,‰õŠy‘Â‚¿ƒƒCƒh,https://www.dlsite.com/maniax/work/=/product_id/RJ01405134.html,RJ01405134,,1503,0,2669,2,3.97,233,715,429
2026-07-25T15:01:02.115973+00:00,”ülá—«—L—,https://www.dlsite.com/maniax/work/=/product_id/RJ01405145.html,RJ01405145,,266,0,840,1,4,50,715,429
2026-07-25T15:01:02.115973+00:00,–³C‚È­—‚ğ‰´D‚İ‚Éõ‚ß‚é‚Ü‚Å,https://www.dlsite.com/maniax/work/=/product_id/RJ01406775.html,RJ01406775,,2895,0,4602,2,3.85,455,715,429
2026-07-25T15:01:02.115973+00:00,•Ó‹«‘º‚Ìˆú—”š“ûƒVƒXƒ^[,https://www.dlsite.com/maniax/work/=/product_id/RJ01411103.html,RJ01411103,,1315,2,2828,2,4.12,233,715,429
2026-07-25T15:01:02.115973+00:00,—ö“üŠ¯ƒ‰ƒCƒJ,https://www.dlsite.com/maniax/work/=/product_id/RJ01468362.html,RJ01468362,,848,0,1749,,4.17,117,990,594
2026-07-25T15:01:02.115973+00:00,NTR—c“éõ,https://www.dlsite.com/maniax/work/=/product_id/RJ01474148.html,RJ01474148,,1909,1,3427,2,4.16,269,990,594
2026-07-25T15:01:02.115973+00:00,“Á‘Î4”ÇƒJƒKƒŠƒƒC‚Ìö“ü‘{¸,https://www.dlsite.com/maniax/work/=/product_id/RJ01477080.html,RJ01477080,,961,0,1763,2,4.08,169,990,594
2026-07-25T15:01:02.115973+00:00,“û•‘º‚ÌˆúK,https://www.dlsite.com/maniax/work/=/product_id/RJ01503190.html,RJ01503190,,1085,1,2866,3,4.11,159,990,594
2026-07-25T15:01:02.115973+00:00,•ß‚ç‚í‚ê‚ÌƒZƒCƒ‰,https://www.dlsite.com/maniax/work/=/product_id/RJ01548560.html,RJ01548560,,3206,6,4790,2,4.08,339,935,561
2026-07-25T15:01:02.115973+00:00,V•Ä”ülOL‚ğ‰´ê—p‚Ìˆú——‚ÉI,https://www.dlsite.com/maniax/work/=/product_id/RJ01584326.html,RJ01584326,,3060,13,4067,,4.12,274,990,594
2026-07-25T15:01:02.115973+00:00,‚Ş‚Á‚Â‚èƒhƒXƒPƒxƒVƒXƒ^[ƒAƒŠƒA‚Æ”š“ûƒGƒbƒ`‚·‚éRPG,https://www.dlsite.com/maniax/work/=/product_id/RJ01630451.html,RJ01630451,,734,13,2538,1,3.81,59,715,429
2026-07-25T15:01:02.115973+00:00,––±“IƒƒCƒh‚ÍƒUƒR‚Ü‚ñ‚±,https://www.dlsite.com/maniax/work/=/product_id/RJ01643769.html,RJ01643769,,241,0,1463,,4.37,19,1980,1188
2026-07-25T15:01:02.115973+00:00,¶ˆÓ‹C‚È—c“éõ”Ş—‚ğˆ¤‚µ‚Ä‚í‚©‚ç‚¹‚éƒQ[ƒ€,https://www.dlsite.com/maniax/work/=/product_id/RJ01646553.html,RJ01646553,,147,1,774,,3.92,13,1980,1188
2026-07-25T15:01:02.115973+00:00,•P‹RmƒGƒCƒ‹‚Ì’²‹³’Eo,https://www.dlsite.com/maniax/work/=/product_id/RJ01650277.html,RJ01650277,,22,0,286,,,,1430,858
2026-07-25T15:01:02.115973+00:00,‹Ö’f‚ÌQæ‚ç‚ê–Ú˜^,https://www.dlsite.com/maniax/work/=/product_id/RJ01669480.html,RJ01669480,,577,11,1968,1,3.86,35,1584,950
2026-07-26T15:01:02.114039+00:00,˜S–‚ÌƒAƒYƒn,https://www.dlsite.com/maniax/work/=/product_id/RJ01401063.html,RJ01401063,,994,1,2005,1,4.03,172,715,429
2026-07-26T15:01:02.114039+00:00,‰õŠy‘Â‚¿ƒƒCƒh,https://www.dlsite.com/maniax/work/=/product_id/RJ01405134.html,RJ01405134,,1503,0,2670,2,3.97,233,715,429
2026-07-26T15:01:02.114039+00:00,”ülá—«—L—,https://www.dlsite.com/maniax/work/=/product_id/RJ01405145.html,RJ01405145,,266,0,840,1,4,50,715,429
2026-07-26T15:01:02.114039+00:00,–³C‚È­—‚ğ‰´D‚İ‚Éõ‚ß‚é‚Ü‚Å,https://www.dlsite.com/maniax/work/=/product_id/RJ01406775.html,RJ01406775,,2895,0,4602,2,3.85,456,715,429
2026-07-26T15:01:02.114039+00:00,•Ó‹«‘º‚Ìˆú—”š“ûƒVƒXƒ^[,https://www.dlsite.com/maniax/work/=/product_id/RJ01411103.html,RJ01411103,,1315,0,2827,2,4.12,233,715,429
2026-07-26T15:01:02.114039+00:00,—ö“üŠ¯ƒ‰ƒCƒJ,https://www.dlsite.com/maniax/work/=/product_id/RJ01468362.html,RJ01468362,,849,1,1749,,4.17,117,990,594
2026-07-26T15:01:02.114039+00:00,NTR—c“éõ,https://www.dlsite.com/maniax/work/=/product_id/RJ01474148.html,RJ01474148,,1910,1,3430,2,4.16,269,990,594
2026-07-26T15:01:02.114039+00:00,“Á‘Î4”ÇƒJƒKƒŠƒƒC‚Ìö“ü‘{¸,https://www.dlsite.com/maniax/work/=/product_id/RJ01477080.html,RJ01477080,,961,0,1763,2,4.08,169,990,594
2026-07-26T15:01:02.114039+00:00,“û•‘º‚ÌˆúK,https://www.dlsite.com/maniax/work/=/product_id/RJ01503190.html,RJ01503190,,1086,1,2865,3,4.11,159,990,594
2026-07-26T15:01:02.114039+00:00,•ß‚ç‚í‚ê‚ÌƒZƒCƒ‰,https://www.dlsite.com/maniax/work/=/product_id/RJ01548560.html,RJ01548560,,3215,9,4792,2,4.08,340,935,561
2026-07-26T15:01:02.114039+00:00,V•Ä”ülOL‚ğ‰´ê—p‚Ìˆú——‚ÉI,https://www.dlsite.com/maniax/work/=/product_id/RJ01584326.html,RJ01584326,,3068,8,4080,,4.12,274,990,594
2026-07-26T15:01:02.114039+00:00,‚Ş‚Á‚Â‚èƒhƒXƒPƒxƒVƒXƒ^[ƒAƒŠƒA‚Æ”š“ûƒGƒbƒ`‚·‚éRPG,https://www.dlsite.com/maniax/work/=/product_id/RJ01630451.html,RJ01630451,,745,11,2554,1,3.8,60,715,429
2026-07-26T15:01:02.114039+00:00,––±“IƒƒCƒh‚ÍƒUƒR‚Ü‚ñ‚±,https://www.dlsite.com/maniax/work/=/product_id/RJ01643769.html,RJ01643769,,241,0,1465,,4.37,19,1980,1188
2026-07-26T15:01:02.114039+00:00,¶ˆÓ‹C‚È—c“éõ”Ş—‚ğˆ¤‚µ‚Ä‚í‚©‚ç‚¹‚éƒQ[ƒ€,https://www.dlsite.com/maniax/work/=/product_id/RJ01646553.html,RJ01646553,,147,0,778,,3.92,13,1980,1188
2026-07-26T15:01:02.114039+00:00,•P‹RmƒGƒCƒ‹‚Ì’²‹³’Eo,https://www.dlsite.com/maniax/work/=/product_id/RJ01650277.html,RJ01650277,,22,0,287,,,,1430,858
2026-07-26T15:01:02.114039+00:00,‹Ö’f‚ÌQæ‚ç‚ê–Ú˜^,https://www.dlsite.com/maniax/work/=/product_id/RJ01669480.html,RJ01669480,,589,12,1984,1,3.89,36,1584,950
2026-07-27T15:01:02.070993+00:00,˜S–‚ÌƒAƒYƒn,https://www.dlsite.com/maniax/work/=/product_id/RJ01401063.html,RJ01401063,,994,0,2003,1,4.03,172,715,429
2026-07-27T15:01:02.070993+00:00,‰õŠy‘Â‚¿ƒƒCƒh,https://www.dlsite.com/maniax/work/=/product_id/RJ01405134.html,RJ01405134,,1503,0,2670,2,3.97,233,715,429
2026-07-27T15:01:02.070993+00:00,”ülá—«—L—,https://www.dlsite.com/maniax/work/=/product_id/RJ01405145.html,RJ01405145,,266,0,841,1,4,50,715,429
2026-07-27T15:01:02.070993+00:00,–³C‚È­—‚ğ‰´D‚İ‚Éõ‚ß‚é‚Ü‚Å,https://www.dlsite.com/maniax/work/=/product_id/RJ01406775.html,RJ01406775,,2897,2,4603,2,3.85,456,715,429
2026-07-27T15:01:02.070993+00:00,•Ó‹«‘º‚Ìˆú—”š“ûƒVƒXƒ^[,https://www.dlsite.com/maniax/work/=/product_id/RJ01411103.html,RJ01411103,,1315,0,2826,2,4.12,233,715,429
2026-07-27T15:01:02.070993+00:00,—ö“üŠ¯ƒ‰ƒCƒJ,https://www.dlsite.com/maniax/work/=/product_id/RJ01468362.html,RJ01468362,,849,0,1752,,4.17,117,990,594
2026-07-27T15:01:02.070993+00:00,NTR—c“éõ,https://www.dlsite.com/maniax/work/=/product_id/RJ01474148.html,RJ01474148,,1911,1,3431,2,4.16,269,990,594
2026-07-27T15:01:02.070993+00:00,“Á‘Î4”ÇƒJƒKƒŠƒƒC‚Ìö“ü‘{¸,https://www.dlsite.com/maniax/work/=/product_id/RJ01477080.html,RJ01477080,,961,0,1764,2,4.08,169,990,594
2026-07-27T15:01:02.070993+00:00,“û•‘º‚ÌˆúK,https://www.dlsite.com/maniax/work/=/product_id/RJ01503190.html,RJ01503190,,1086,0,2866,3,4.11,159,990,594
2026-07-27T15:01:02.070993+00:00,•ß‚ç‚í‚ê‚ÌƒZƒCƒ‰,https://www.dlsite.com/maniax/work/=/product_id/RJ01548560.html,RJ01548560,,3217,2,4793,2,4.08,341,935,561
2026-07-27T15:01:02.070993+00:00,V•Ä”ülOL‚ğ‰´ê—p‚Ìˆú——‚ÉI,https://www.dlsite.com/maniax/work/=/product_id/RJ01584326.html,RJ01584326,,3071,3,4082,,4.12,276,990,594
2026-07-27T15:01:02.070993+00:00,‚Ş‚Á‚Â‚èƒhƒXƒPƒxƒVƒXƒ^[ƒAƒŠƒA‚Æ”š“ûƒGƒbƒ`‚·‚éRPG,https://www.dlsite.com/maniax/work/=/product_id/RJ01630451.html,RJ01630451,,750,5,2561,1,3.8,60,715,429
2026-07-27T15:01:02.070993+00:00,––±“IƒƒCƒh‚ÍƒUƒR‚Ü‚ñ‚±,https://www.dlsite.com/maniax/work/=/product_id/RJ01643769.html,RJ01643769,,241,0,1468,,4.37,19,1980,1188
2026-07-27T15:01:02.070993+00:00,¶ˆÓ‹C‚È—c“éõ”Ş—‚ğˆ¤‚µ‚Ä‚í‚©‚ç‚¹‚éƒQ[ƒ€,https://www.dlsite.com/maniax/work/=/product_id/RJ01646553.html,RJ01646553,,147,0,778,,3.92,13,1980,1188
2026-07-27T15:01:02.070993+00:00,•P‹RmƒGƒCƒ‹‚Ì’²‹³’Eo,https://www.dlsite.com/maniax/work/=/product_id/RJ01650277.html,RJ01650277,,22,0,287,,,,1430,858
2026-07-27T15:01:02.070993+00:00,‹Ö’f‚ÌQæ‚ç‚ê–Ú˜^,https://www.dlsite.com/maniax/work/=/product_id/RJ01669480.html,RJ01669480,,597,8,1990,1,3.95,38,1584,950
2026-07-28T15:01:02.265170+00:00,˜S–‚ÌƒAƒYƒn,https://www.dlsite.com/maniax/work/=/product_id/RJ01401063.html,RJ01401063,,994,0,2003,1,4.03,172,715,429
2026-07-28T15:01:02.265170+00:00,‰õŠy‘Â‚¿ƒƒCƒh,https://www.dlsite.com/maniax/work/=/product_id/RJ01405134.html,RJ01405134,,1503,0,2670,2,3.97,234,715,429
2026-07-28T15:01:02.265170+00:00,”ülá—«—L—,https://www.dlsite.com/maniax/work/=/product_id/RJ01405145.html,RJ01405145,,266,0,841,1,4,50,715,429
2026-07-28T15:01:02.265170+00:00,–³C‚È­—‚ğ‰´D‚İ‚Éõ‚ß‚é‚Ü‚Å,https://www.dlsite.com/maniax/work/=/product_id/RJ01406775.html,RJ01406775,,2898,1,4603,2,3.85,456,715,429
2026-07-28T15:01:02.265170+00:00,•Ó‹«‘º‚Ìˆú—”š“ûƒVƒXƒ^[,https://www.dlsite.com/maniax/work/=/product_id/RJ01411103.html,RJ01411103,,1315,0,2826,2,4.12,233,715,429
2026-07-28T15:01:02.265170+00:00,—ö“üŠ¯ƒ‰ƒCƒJ,https://www.dlsite.com/maniax/work/=/product_id/RJ01468362.html,RJ01468362,,849,0,1752,,4.17,117,990,594
2026-07-28T15:01:02.265170+00:00,NTR—c“éõ,https://www.dlsite.com/maniax/work/=/product_id/RJ01474148.html,RJ01474148,,1912,1,3431,2,4.16,269,990,594
2026-07-28T15:01:02.265170+00:00,“Á‘Î4”ÇƒJƒKƒŠƒƒC‚Ìö“ü‘{¸,https://www.dlsite.com/maniax/work/=/product_id/RJ01477080.html,RJ01477080,,961,0,1765,2,4.08,169,990,594
2026-07-28T15:01:02.265170+00:00,“û•‘º‚ÌˆúK,https://www.dlsite.com/maniax/work/=/product_id/RJ01503190.html,RJ01503190,,1086,0,2865,3,4.11,159,990,594
2026-07-28T15:01:02.265170+00:00,•ß‚ç‚í‚ê‚ÌƒZƒCƒ‰,https://www.dlsite.com/maniax/work/=/product_id/RJ01548560.html,RJ01548560,,3224,7,4796,2,4.08,341,935,561
2026-07-28T15:01:02.265170+00:00,V•Ä”ülOL‚ğ‰´ê—p‚Ìˆú——‚ÉI,https://www.dlsite.com/maniax/work/=/product_id/RJ01584326.html,RJ01584326,,3077,6,4087,,4.12,276,990,594
2026-07-28T15:01:02.265170+00:00,‚Ş‚Á‚Â‚èƒhƒXƒPƒxƒVƒXƒ^[ƒAƒŠƒA‚Æ”š“ûƒGƒbƒ`‚·‚éRPG,https://www.dlsite.com/maniax/work/=/product_id/RJ01630451.html,RJ01630451,,756,6,2574,1,3.8,60,715,429
2026-07-28T15:01:02.265170+00:00,––±“IƒƒCƒh‚ÍƒUƒR‚Ü‚ñ‚±,https://www.dlsite.com/maniax/work/=/product_id/RJ01643769.html,RJ01643769,,242,1,1467,,4.37,19,1980,1188
2026-07-28T15:01:02.265170+00:00,¶ˆÓ‹C‚È—c“éõ”Ş—‚ğˆ¤‚µ‚Ä‚í‚©‚ç‚¹‚éƒQ[ƒ€,https://www.dlsite.com/maniax/work/=/product_id/RJ01646553.html,RJ01646553,,149,2,781,,3.92,13,1980,1188
2026-07-28T15:01:02.265170+00:00,•P‹RmƒGƒCƒ‹‚Ì’²‹³’Eo,https://www.dlsite.com/maniax/work/=/product_id/RJ01650277.html,RJ01650277,,22,0,287,,,,1430,858
2026-07-28T15:01:02.265170+00:00,‹Ö’f‚ÌQæ‚ç‚ê–Ú˜^,https://www.dlsite.com/maniax/work/=/product_id/RJ01669480.html,RJ01669480,,602,5,2000,1,3.95,38,1584,950
2026-07-29T15:01:02.116610+00:00,˜S–‚ÌƒAƒYƒn,https://www.dlsite.com/maniax/work/=/product_id/RJ01401063.html,RJ01401063,,997,3,2002,1,4.03,172,715,429
2026-07-29T15:01:02.116610+00:00,‰õŠy‘Â‚¿ƒƒCƒh,https://www.dlsite.com/maniax/work/=/product_id/RJ01405134.html,RJ01405134,,1503,0,2670,2,3.97,234,715,429
2026-07-29T15:01:02.116610+00:00,”ülá—«—L—,https://www.dlsite.com/maniax/work/=/product_id/RJ01405145.html,RJ01405145,,266,0,841,1,4,50,715,429
2026-07-29T15:01:02.116610+00:00,–³C‚È­—‚ğ‰´D‚İ‚Éõ‚ß‚é‚Ü‚Å,https://www.dlsite.com/maniax/work/=/product_id/RJ01406775.html,RJ01406775,,2899,1,4603,2,3.85,456,715,429
2026-07-29T15:01:02.116610+00:00,•Ó‹«‘º‚Ìˆú—”š“ûƒVƒXƒ^[,https://www.dlsite.com/maniax/work/=/product_id/RJ01411103.html,RJ01411103,,1315,0,2827,2,4.12,233,715,429
2026-07-29T15:01:02.116610+00:00,—ö“üŠ¯ƒ‰ƒCƒJ,https://www.dlsite.com/maniax/work/=/product_id/RJ01468362.html,RJ01468362,,849,0,1752,,4.17,117,990,594
2026-07-29T15:01:02.116610+00:00,NTR—c“éõ,https://www.dlsite.com/maniax/work/=/product_id/RJ01474148.html,RJ01474148,,1912,0,3433,2,4.16,269,990,594
2026-07-29T15:01:02.116610+00:00,“Á‘Î4”ÇƒJƒKƒŠƒƒC‚Ìö“ü‘{¸,https://www.dlsite.com/maniax/work/=/product_id/RJ01477080.html,RJ01477080,,963,2,1767,2,4.08,169,990,594
2026-07-29T15:01:02.116610+00:00,“û•‘º‚ÌˆúK,https://www.dlsite.com/maniax/work/=/product_id/RJ01503190.html,RJ01503190,,1086,0,2866,3,4.11,159,990,594
2026-07-29T15:01:02.116610+00:00,•ß‚ç‚í‚ê‚ÌƒZƒCƒ‰,https://www.dlsite.com/maniax/work/=/product_id/RJ01548560.html,RJ01548560,,3230,6,4798,2,4.08,341,935,561
2026-07-29T15:01:02.116610+00:00,V•Ä”ülOL‚ğ‰´ê—p‚Ìˆú——‚ÉI,https://www.dlsite.com/maniax/work/=/product_id/RJ01584326.html,RJ01584326,,3087,10,4085,,4.12,276,990,594
2026-07-29T15:01:02.116610+00:00,‚Ş‚Á‚Â‚èƒhƒXƒPƒxƒVƒXƒ^[ƒAƒŠƒA‚Æ”š“ûƒGƒbƒ`‚·‚éRPG,https://www.dlsite.com/maniax/work/=/product_id/RJ01630451.html,RJ01630451,,762,6,2579,1,3.8,60,715,429
2026-07-29T15:01:02.116610+00:00,––±“IƒƒCƒh‚ÍƒUƒR‚Ü‚ñ‚±,https://www.dlsite.com/maniax/work/=/product_id/RJ01643769.html,RJ01643769,,242,0,1471,,4.37,19,1980,1188
2026-07-29T15:01:02.116610+00:00,¶ˆÓ‹C‚È—c“éõ”Ş—‚ğˆ¤‚µ‚Ä‚í‚©‚ç‚¹‚éƒQ[ƒ€,https://www.dlsite.com/maniax/work/=/product_id/RJ01646553.html,RJ01646553,,149,0,781,,3.92,13,1980,1188
2026-07-29T15:01:02.116610+00:00,•P‹RmƒGƒCƒ‹‚Ì’²‹³’Eo,https://www.dlsite.com/maniax/work/=/product_id/RJ01650277.html,RJ01650277,,22,0,287,,,,1430,858
2026-07-29T15:01:02.116610+00:00,‹Ö’f‚ÌQæ‚ç‚ê–Ú˜^,https://www.dlsite.com/maniax/work/=/product_id/RJ01669480.html,RJ01669480,,609,7,2005,1,3.95,38,1584,950
2026-07-30T15:01:02.117018+00:00,˜S–‚ÌƒAƒYƒn,https://www.dlsite.com/maniax/work/=/product_id/RJ01401063.html,RJ01401063,,997,0,2003,1,4.03,172,715,429
2026-07-30T15:01:02.117018+00:00,‰õŠy‘Â‚¿ƒƒCƒh,https://www.dlsite.com/maniax/work/=/product_id/RJ01405134.html,RJ01405134,,1503,0,2670,2,3.97,234,715,429
2026-07-30T15:01:02.117018+00:00,”ülá—«—L—,https://www.dlsite.com/maniax/work/=/product_id/RJ01405145.html,RJ01405145,,266,0,841,1,4,50,715,429
2026-07-30T15:01:02.117018+00:00,–³C‚È­—‚ğ‰´D‚İ‚Éõ‚ß‚é‚Ü‚Å,https://www.dlsite.com/maniax/work/=/product_id/RJ01406775.html,RJ01406775,,2899,0,4603,2,3.85,456,715,429
2026-07-30T15:01:02.117018+00:00,•Ó‹«‘º‚Ìˆú—”š“ûƒVƒXƒ^[,https://www.dlsite.com/maniax/work/=/product_id/RJ01411103.html,RJ01411103,,1315,0,2827,2,4.12,233,715,429
2026-07-30T15:01:02.117018+00:00,—ö“üŠ¯ƒ‰ƒCƒJ,https://www.dlsite.com/maniax/work/=/product_id/RJ01468362.html,RJ01468362,,849,0,1750,,4.17,117,990,594
2026-07-30T15:01:02.117018+00:00,NTR—c“éõ,https://www.dlsite.com/maniax/work/=/product_id/RJ01474148.html,RJ01474148,,1912,0,3434,2,4.16,269,990,594
2026-07-30T15:01:02.117018+00:00,“Á‘Î4”ÇƒJƒKƒŠƒƒC‚Ìö“ü‘{¸,https://www.dlsite.com/maniax/work/=/product_id/RJ01477080.html,RJ01477080,,963,0,1767,2,4.08,169,990,594
2026-07-30T15:01:02.117018+00:00,“û•‘º‚ÌˆúK,https://www.dlsite.com/maniax/work/=/product_id/RJ01503190.html,RJ01503190,,1086,0,2866,3,4.11,159,990,594
2026-07-30T15:01:02.117018+00:00,•ß‚ç‚í‚ê‚ÌƒZƒCƒ‰,https://www.dlsite.com/maniax/work/=/product_id/RJ01548560.html,RJ01548560,,3236,6,4797,2,4.08,342,935,561
2026-07-30T15:01:02.117018+00:00,V•Ä”ülOL‚ğ‰´ê—p‚Ìˆú——‚ÉI,https://www.dlsite.com/maniax/work/=/product_id/RJ01584326.html,RJ01584326,,3091,4,4085,,4.13,278,990,594
2026-07-30T15:01:02.117018+00:00,‚Ş‚Á‚Â‚èƒhƒXƒPƒxƒVƒXƒ^[ƒAƒŠƒA‚Æ”š“ûƒGƒbƒ`‚·‚éRPG,https://www.dlsite.com/maniax/work/=/product_id/RJ01630451.html,RJ01630451,,767,5,2577,1,3.82,61,715,429
2026-07-30T15:01:02.117018+00:00,––±“IƒƒCƒh‚ÍƒUƒR‚Ü‚ñ‚±,https://www.dlsite.com/maniax/work/=/product_id/RJ01643769.html,RJ01643769,,242,0,1473,,4.37,19,1980,1188
2026-07-30T15:01:02.117018+00:00,¶ˆÓ‹C‚È—c“éõ”Ş—‚ğˆ¤‚µ‚Ä‚í‚©‚ç‚¹‚éƒQ[ƒ€,https://www.dlsite.com/maniax/work/=/product_id/RJ01646553.html,RJ01646553,,149,0,781,,3.92,13,1980,1188
2026-07-30T15:01:02.117018+00:00,•P‹RmƒGƒCƒ‹‚Ì’²‹³’Eo,https://www.dlsite.com/maniax/work/=/product_id/RJ01650277.html,RJ01650277,,23,1,287,,,,1430,858
2026-07-30T15:01:02.117018+00:00,‹Ö’f‚ÌQæ‚ç‚ê–Ú˜^,https://www.dlsite.com/maniax/work/=/product_id/RJ01669480.html,RJ01669480,,612,3,2015,1,3.95,38,1584,950
2026-07-31T15:01:02.093325+00:00,˜S–‚ÌƒAƒYƒn,https://www.dlsite.com/maniax/work/=/product_id/RJ01401063.html,RJ01401063,,997,0,2003,1,4.03,172,715,429
2026-07-31T15:01:02.093325+00:00,‰õŠy‘Â‚¿ƒƒCƒh,https://www.dlsite.com/maniax/work/=/product_id/RJ01405134.html,RJ01405134,,1503,0,2669,2,3.97,234,715,429
2026-07-31T15:01:02.093325+00:00,”ülá—«—L—,https://www.dlsite.com/maniax/work/=/product_id/RJ01405145.html,RJ01405145,,266,0,841,1,4,50,715,429
2026-07-31T15:01:02.093325+00:00,–³C‚È­—‚ğ‰´D‚İ‚Éõ‚ß‚é‚Ü‚Å,https://www.dlsite.com/maniax/work/=/product_id/RJ01406775.html,RJ01406775,,2899,0,4603,2,3.85,456,715,429
2026-07-31T15:01:02.093325+00:00,•Ó‹«‘º‚Ìˆú—”š“ûƒVƒXƒ^[,https://www.dlsite.com/maniax/work/=/product_id/RJ01411103.html,RJ01411103,,1316,1,2827,2,4.12,233,715,429
2026-07-31T15:01:02.093325+00:00,—ö“üŠ¯ƒ‰ƒCƒJ,https://www.dlsite.com/maniax/work/=/product_id/RJ01468362.html,RJ01468362,,849,0,1749,,4.17,117,990,594
2026-07-31T15:01:02.093325+00:00,NTR—c“éõ,https://www.dlsite.com/maniax/work/=/product_id/RJ01474148.html,RJ01474148,,1912,0,3433,2,4.16,269,990,594
2026-07-31T15:01:02.093325+00:00,“Á‘Î4”ÇƒJƒKƒŠƒƒC‚Ìö“ü‘{¸,https://www.dlsite.com/maniax/work/=/product_id/RJ01477080.html,RJ01477080,,963,0,1768,2,4.08,169,990,594
2026-07-31T15:01:02.093325+00:00,“û•‘º‚ÌˆúK,https://www.dlsite.com/maniax/work/=/product_id/RJ01503190.html,RJ01503190,,1086,0,2866,3,4.11,159,990,594
2026-07-31T15:01:02.093325+00:00,•ß‚ç‚í‚ê‚ÌƒZƒCƒ‰,https://www.dlsite.com/maniax/work/=/product_id/RJ01548560.html,RJ01548560,,3240,4,4797,2,4.08,342,935,561
2026-07-31T15:01:02.093325+00:00,V•Ä”ülOL‚ğ‰´ê—p‚Ìˆú——‚ÉI,https://www.dlsite.com/maniax/work/=/product_id/RJ01584326.html,RJ01584326,,3097,6,4087,,4.13,280,990,594
2026-07-31T15:01:02.093325+00:00,‚Ş‚Á‚Â‚èƒhƒXƒPƒxƒVƒXƒ^[ƒAƒŠƒA‚Æ”š“ûƒGƒbƒ`‚·‚éRPG,https://www.dlsite.com/maniax/work/=/product_id/RJ01630451.html,RJ01630451,,775,8,2580,1,3.82,61,715,429
2026-07-31T15:01:02.093325+00:00,––±“IƒƒCƒh‚ÍƒUƒR‚Ü‚ñ‚±,https://www.dlsite.com/maniax/work/=/product_id/RJ01643769.html,RJ01643769,,242,0,1473,,4.37,19,1980,1188
2026-07-31T15:01:02.093325+00:00,¶ˆÓ‹C‚È—c“éõ”Ş—‚ğˆ¤‚µ‚Ä‚í‚©‚ç‚¹‚éƒQ[ƒ€,https://www.dlsite.com/maniax/work/=/product_id/RJ01646553.html,RJ01646553,,149,0,783,,3.92,13,1980,1188
2026-07-31T15:01:02.093325+00:00,•P‹RmƒGƒCƒ‹‚Ì’²‹³’Eo,https://www.dlsite.com/maniax/work/=/product_id/RJ01650277.html,RJ01650277,,23,0,287,,,,1430,858
2026-07-31T15:01:02.093325+00:00,‹Ö’f‚ÌQæ‚ç‚ê–Ú˜^,https://www.dlsite.com/maniax/work/=/product_id/RJ01669480.html,RJ01669480,,618,6,2027,1,3.95,38,1584,950
2026-08-01T15:01:02.276415+00:00,˜S–‚ÌƒAƒYƒn,https://www.dlsite.com/maniax/work/=/product_id/RJ01401063.html,RJ01401063,,997,0,2003,1,4.03,172,715,429
2026-08-01T15:01:02.276415+00:00,‰õŠy‘Â‚¿ƒƒCƒh,https://www.dlsite.com/maniax/work/=/product_id/RJ01405134.html,RJ01405134,,1503,0,2670,2,3.97,234,715,429
2026-08-01T15:01:02.276415+00:00,”ülá—«—L—,https://www.dlsite.com/maniax/work/=/product_id/RJ01405145.html,RJ01405145,,266,0,841,1,4,50,715,429
2026-08-01T15:01:02.276415+00:00,–³C‚È­—‚ğ‰´D‚İ‚Éõ‚ß‚é‚Ü‚Å,https://www.dlsite.com/maniax/work/=/product_id/RJ01406775.html,RJ01406775,,2900,1,4606,2,3.85,456,715,429
2026-08-01T15:01:02.276415+00:00,•Ó‹«‘º‚Ìˆú—”š“ûƒVƒXƒ^[,https://www.dlsite.com/maniax/work/=/product_id/RJ01411103.html,RJ01411103,,1316,0,2827,2,4.12,233,715,429
2026-08-01T15:01:02.276415+00:00,—ö“üŠ¯ƒ‰ƒCƒJ,https://www.dlsite.com/maniax/work/=/product_id/RJ01468362.html,RJ01468362,,850,1,1749,,4.17,117,990,594
2026-08-01T15:01:02.276415+00:00,NTR—c“éõ,https://www.dlsite.com/maniax/work/=/product_id/RJ01474148.html,RJ01474148,,1913,1,3433,2,4.16,269,990,594
2026-08-01T15:01:02.276415+00:00,“Á‘Î4”ÇƒJƒKƒŠƒƒC‚Ìö“ü‘{¸,https://www.dlsite.com/maniax/work/=/product_id/RJ01477080.html,RJ01477080,,963,0,1767,2,4.08,169,990,594
2026-08-01T15:01:02.276415+00:00,“û•‘º‚ÌˆúK,https://www.dlsite.com/maniax/work/=/product_id/RJ01503190.html,RJ01503190,,1086,0,2866,3,4.11,159,990,594
2026-08-01T15:01:02.276415+00:00,•ß‚ç‚í‚ê‚ÌƒZƒCƒ‰,https://www.dlsite.com/maniax/work/=/product_id/RJ01548560.html,RJ01548560,,3245,5,4805,2,4.09,343,935,561
2026-08-01T15:01:02.276415+00:00,V•Ä”ülOL‚ğ‰´ê—p‚Ìˆú——‚ÉI,https://www.dlsite.com/maniax/work/=/product_id/RJ01584326.html,RJ01584326,,3104,7,4085,,4.13,281,990,594
2026-08-01T15:01:02.276415+00:00,‚Ş‚Á‚Â‚èƒhƒXƒPƒxƒVƒXƒ^[ƒAƒŠƒA‚Æ”š“ûƒGƒbƒ`‚·‚éRPG,https://www.dlsite.com/maniax/work/=/product_id/RJ01630451.html,RJ01630451,,785,10,2584,1,3.82,61,715,429
2026-08-01T15:01:02.276415+00:00,––±“IƒƒCƒh‚ÍƒUƒR‚Ü‚ñ‚±,https://www.dlsite.com/maniax/work/=/product_id/RJ01643769.html,RJ01643769,,242,0,1472,,4.37,19,1980,1188
2026-08-01T15:01:02.276415+00:00,¶ˆÓ‹C‚È—c“éõ”Ş—‚ğˆ¤‚µ‚Ä‚í‚©‚ç‚¹‚éƒQ[ƒ€,https://www.dlsite.com/maniax/work/=/product_id/RJ01646553.html,RJ01646553,,151,2,784,,3.92,13,1980,1188
2026-08-01T15:01:02.276415+00:00,•P‹RmƒGƒCƒ‹‚Ì’²‹³’Eo,https://www.dlsite.com/maniax/work/=/product_id/RJ01650277.html,RJ01650277,,24,1,286,,,,1430,858
2026-08-01T15:01:02.276415+00:00,‹Ö’f‚ÌQæ‚ç‚ê–Ú˜^,https://www.dlsite.com/maniax/work/=/product_id/RJ01669480.html,RJ01669480,,638,20,2028,1,3.88,41,1584,950
2026-08-01T15:01:02.276415+00:00,—c“éõJD‚Æˆúêr‚ÌO’‹–é,https://www.dlsite.com/maniax/work/=/product_id/RJ01681092.html,RJ01681092,,55,55,632,,,,1584,950
2026-08-02T15:01:02.265274+00:00,˜S–‚ÌƒAƒYƒn,https://www.dlsite.com/maniax/work/=/product_id/RJ01401063.html,RJ01401063,,997,0,2003,1,4.03,173,715,429
2026-08-02T15:01:02.265274+00:00,‰õŠy‘Â‚¿ƒƒCƒh,https://www.dlsite.com/maniax/work/=/product_id/RJ01405134.html,RJ01405134,,1504,1,2669,2,3.97,234,715,429
2026-08-02T15:01:02.265274+00:00,”ülá—«—L—,https://www.dlsite.com/maniax/work/=/product_id/RJ01405145.html,RJ01405145,,266,0,841,1,4,50,715,429
2026-08-02T15:01:02.265274+00:00,–³C‚È­—‚ğ‰´D‚İ‚Éõ‚ß‚é‚Ü‚Å,https://www.dlsite.com/maniax/work/=/product_id/RJ01406775.html,RJ01406775,,2900,0,4607,2,3.85,456,715,429
2026-08-02T15:01:02.265274+00:00,•Ó‹«‘º‚Ìˆú—”š“ûƒVƒXƒ^[,https://www.dlsite.com/maniax/work/=/product_id/RJ01411103.html,RJ01411103,,1317,1,2827,2,4.12,233,715,429
2026-08-02T15:01:02.265274+00:00,—ö“üŠ¯ƒ‰ƒCƒJ,https://www.dlsite.com/maniax/work/=/product_id/RJ01468362.html,RJ01468362,,850,0,1751,,4.17,117,990,594
2026-08-02T15:01:02.265274+00:00,NTR—c“éõ,https://www.dlsite.com/maniax/work/=/product_id/RJ01474148.html,RJ01474148,,1913,0,3435,2,4.16,269,990,594
2026-08-02T15:01:02.265274+00:00,“Á‘Î4”ÇƒJƒKƒŠƒƒC‚Ìö“ü‘{¸,https://www.dlsite.com/maniax/work/=/product_id/RJ01477080.html,RJ01477080,,964,1,1767,2,4.08,170,990,594
2026-08-02T15:01:02.265274+00:00,“û•‘º‚ÌˆúK,https://www.dlsite.com/maniax/work/=/product_id/RJ01503190.html,RJ01503190,,1086,0,2866,3,4.11,159,990,594
2026-08-02T15:01:02.265274+00:00,•ß‚ç‚í‚ê‚ÌƒZƒCƒ‰,https://www.dlsite.com/maniax/work/=/product_id/RJ01548560.html,RJ01548560,,3248,3,4814,2,4.08,344,935,561
2026-08-02T15:01:02.265274+00:00,V•Ä”ülOL‚ğ‰´ê—p‚Ìˆú——‚ÉI,https://www.dlsite.com/maniax/work/=/product_id/RJ01584326.html,RJ01584326,,3111,7,4087,,4.12,284,990,594
2026-08-02T15:01:02.265274+00:00,‚Ş‚Á‚Â‚èƒhƒXƒPƒxƒVƒXƒ^[ƒAƒŠƒA‚Æ”š“ûƒGƒbƒ`‚·‚éRPG,https://www.dlsite.com/maniax/work/=/product_id/RJ01630451.html,RJ01630451,,792,7,2594,1,3.82,61,715,429
2026-08-02T15:01:02.265274+00:00,––±“IƒƒCƒh‚ÍƒUƒR‚Ü‚ñ‚±,https://www.dlsite.com/maniax/work/=/product_id/RJ01643769.html,RJ01643769,,242,0,1473,,4.37,19,1980,1188
2026-08-02T15:01:02.265274+00:00,¶ˆÓ‹C‚È—c“éõ”Ş—‚ğˆ¤‚µ‚Ä‚í‚©‚ç‚¹‚éƒQ[ƒ€,https://www.dlsite.com/maniax/work/=/product_id/RJ01646553.html,RJ01646553,,152,1,786,,3.92,13,1980,1188
2026-08-02T15:01:02.265274+00:00,•P‹RmƒGƒCƒ‹‚Ì’²‹³’Eo,https://www.dlsite.com/maniax/work/=/product_id/RJ01650277.html,RJ01650277,,24,0,286,,,,1430,858
2026-08-02T15:01:02.265274+00:00,‹Ö’f‚ÌQæ‚ç‚ê–Ú˜^,https://www.dlsite.com/maniax/work/=/product_id/RJ01669480.html,RJ01669480,,662,24,2036,1,3.88,43,1584,950
2026-08-02T15:01:02.265274+00:00,—c“éõJD‚Æˆúêr‚ÌO’‹–é,https://www.dlsite.com/maniax/work/=/product_id/RJ01681092.html,RJ01681092,,87,32,779,,,,1584,950
2026-08-03T15:01:02.117858+00:00,˜S–‚ÌƒAƒYƒn,https://www.dlsite.com/maniax/work/=/product_id/RJ01401063.html,RJ01401063,,998,1,2005,1,4.03,173,715,429
2026-08-03T15:01:02.117858+00:00,‰õŠy‘Â‚¿ƒƒCƒh,https://www.dlsite.com/maniax/work/=/product_id/RJ01405134.html,RJ01405134,,1504,0,2668,2,3.97,234,715,429
2026-08-03T15:01:02.117858+00:00,”ülá—«—L—,https://www.dlsite.com/maniax/work/=/product_id/RJ01405145.html,RJ01405145,,266,0,841,1,4,50,715,429
2026-08-03T15:01:02.117858+00:00,–³C‚È­—‚ğ‰´D‚İ‚Éõ‚ß‚é‚Ü‚Å,https://www.dlsite.com/maniax/work/=/product_id/RJ01406775.html,RJ01406775,,2901,1,4609,2,3.85,456,715,429
2026-08-03T15:01:02.117858+00:00,•Ó‹«‘º‚Ìˆú—”š“ûƒVƒXƒ^[,https://www.dlsite.com/maniax/work/=/product_id/RJ01411103.html,RJ01411103,,1317,0,2827,2,4.12,233,715,429
2026-08-03T15:01:02.117858+00:00,—ö“üŠ¯ƒ‰ƒCƒJ,https://www.dlsite.com/maniax/work/=/product_id/RJ01468362.html,RJ01468362,,850,0,1751,,4.17,117,990,594
2026-08-03T15:01:02.117858+00:00,NTR—c“éõ,https://www.dlsite.com/maniax/work/=/product_id/RJ01474148.html,RJ01474148,,1913,0,3432,2,4.16,269,990,594
2026-08-03T15:01:02.117858+00:00,“Á‘Î4”ÇƒJƒKƒŠƒƒC‚Ìö“ü‘{¸,https://www.dlsite.com/maniax/work/=/product_id/RJ01477080.html,RJ01477080,,965,1,1767,2,4.08,170,990,594
2026-08-03T15:01:02.117858+00:00,“û•‘º‚ÌˆúK,https://www.dlsite.com/maniax/work/=/product_id/RJ01503190.html,RJ01503190,,1086,0,2866,3,4.11,159,990,594
2026-08-03T15:01:02.117858+00:00,•ß‚ç‚í‚ê‚ÌƒZƒCƒ‰,https://www.dlsite.com/maniax/work/=/product_id/RJ01548560.html,RJ01548560,,3249,1,4819,2,4.08,344,935,561
2026-08-03T15:01:02.117858+00:00,V•Ä”ülOL‚ğ‰´ê—p‚Ìˆú——‚ÉI,https://www.dlsite.com/maniax/work/=/product_id/RJ01584326.html,RJ01584326,,3115,4,4089,,4.12,285,990,594
2026-08-03T15:01:02.117858+00:00,‚Ş‚Á‚Â‚èƒhƒXƒPƒxƒVƒXƒ^[ƒAƒŠƒA‚Æ”š“ûƒGƒbƒ`‚·‚éRPG,https://www.dlsite.com/maniax/work/=/product_id/RJ01630451.html,RJ01630451,,801,9,2597,1,3.82,61,715,429
2026-08-03T15:01:02.117858+00:00,––±“IƒƒCƒh‚ÍƒUƒR‚Ü‚ñ‚±,https://www.dlsite.com/maniax/work/=/product_id/RJ01643769.html,RJ01643769,,242,0,1476,,4.37,19,1980,1188
2026-08-03T15:01:02.117858+00:00,¶ˆÓ‹C‚È—c“éõ”Ş—‚ğˆ¤‚µ‚Ä‚í‚©‚ç‚¹‚éƒQ[ƒ€,https://www.dlsite.com/maniax/work/=/product_id/RJ01646553.html,RJ01646553,,152,0,786,,3.92,13,1980,1188
2026-08-03T15:01:02.117858+00:00,•P‹RmƒGƒCƒ‹‚Ì’²‹³’Eo,https://www.dlsite.com/maniax/work/=/product_id/RJ01650277.html,RJ01650277,,24,0,287,,,,1430,858
2026-08-03T15:01:02.117858+00:00,‹Ö’f‚ÌQæ‚ç‚ê–Ú˜^,https://www.dlsite.com/maniax/work/=/product_id/RJ01669480.html,RJ01669480,,672,10,2038,1,3.89,45,1584,950
2026-08-03T15:01:02.117858+00:00,—c“éõJD‚Æˆúêr‚ÌO’‹–é,https://www.dlsite.com/maniax/work/=/product_id/RJ01681092.html,RJ01681092,,102,15,842,,3,5,1584,950
2026-08-04T15:01:02.171838+00:00,˜S–‚ÌƒAƒYƒn,https://www.dlsite.com/maniax/work/=/product_id/RJ01401063.html,RJ01401063,,998,0,2005,1,4.03,173,715,429
2026-08-04T15:01:02.171838+00:00,‰õŠy‘Â‚¿ƒƒCƒh,https://www.dlsite.com/maniax/work/=/product_id/RJ01405134.html,RJ01405134,,1504,0,2668,2,3.97,234,715,429
2026-08-04T15:01:02.171838+00:00,”ülá—«—L—,https://www.dlsite.com/maniax/work/=/product_id/RJ01405145.html,RJ01405145,,266,0,841,1,4,50,715,429
2026-08-04T15:01:02.171838+00:00,–³C‚È­—‚ğ‰´D‚İ‚Éõ‚ß‚é‚Ü‚Å,https://www.dlsite.com/maniax/work/=/product_id/RJ01406775.html,RJ01406775,,2901,0,4609,2,3.85,456,715,429
2026-08-04T15:01:02.171838+00:00,•Ó‹«‘º‚Ìˆú—”š“ûƒVƒXƒ^[,https://www.dlsite.com/maniax/work/=/product_id/RJ01411103.html,RJ01411103,,1317,0,2828,2,4.12,233,715,429
2026-08-04T15:01:02.171838+00:00,—ö“üŠ¯ƒ‰ƒCƒJ,https://www.dlsite.com/maniax/work/=/product_id/RJ01468362.html,RJ01468362,,850,0,1751,,4.17,117,990,594
2026-08-04T15:01:02.171838+00:00,NTR—c“éõ,https://www.dlsite.com/maniax/work/=/product_id/RJ01474148.html,RJ01474148,,1913,0,3433,2,4.16,269,990,594
2026-08-04T15:01:02.171838+00:00,“Á‘Î4”ÇƒJƒKƒŠƒƒC‚Ìö“ü‘{¸,https://www.dlsite.com/maniax/work/=/product_id/RJ01477080.html,RJ01477080,,966,1,1767,2,4.08,170,990,594
2026-08-04T15:01:02.171838+00:00,“û•‘º‚ÌˆúK,https://www.dlsite.com/maniax/work/=/product_id/RJ01503190.html,RJ01503190,,1086,0,2866,3,4.11,159,990,594
2026-08-04T15:01:02.171838+00:00,•ß‚ç‚í‚ê‚ÌƒZƒCƒ‰,https://www.dlsite.com/maniax/work/=/product_id/RJ01548560.html,RJ01548560,,3250,1,4819,2,4.08,344,935,561
2026-08-04T15:01:02.171838+00:00,V•Ä”ülOL‚ğ‰´ê—p‚Ìˆú——‚ÉI,https://www.dlsite.com/maniax/work/=/product_id/RJ01584326.html,RJ01584326,,3118,3,4090,,4.12,286,990,594
2026-08-04T15:01:02.171838+00:00,‚Ş‚Á‚Â‚èƒhƒXƒPƒxƒVƒXƒ^[ƒAƒŠƒA‚Æ”š“ûƒGƒbƒ`‚·‚éRPG,https://www.dlsite.com/maniax/work/=/product_id/RJ01630451.html,RJ01630451,,803,2,2597,1,3.82,62,715,429
2026-08-04T15:01:02.171838+00:00,––±“IƒƒCƒh‚ÍƒUƒR‚Ü‚ñ‚±,https://www.dlsite.com/maniax/work/=/product_id/RJ01643769.html,RJ01643769,,242,0,1478,,4.37,19,1980,1188
2026-08-04T15:01:02.171838+00:00,¶ˆÓ‹C‚È—c“éõ”Ş—‚ğˆ¤‚µ‚Ä‚í‚©‚ç‚¹‚éƒQ[ƒ€,https://www.dlsite.com/maniax/work/=/product_id/RJ01646553.html,RJ01646553,,152,0,786,,3.92,13,1980,1188
2026-08-04T15:01:02.171838+00:00,•P‹RmƒGƒCƒ‹‚Ì’²‹³’Eo,https://www.dlsite.com/maniax/work/=/product_id/RJ01650277.html,RJ01650277,,24,0,286,,,,1430,858
2026-08-04T15:01:02.171838+00:00,‹Ö’f‚ÌQæ‚ç‚ê–Ú˜^,https://www.dlsite.com/maniax/work/=/product_id/RJ01669480.html,RJ01669480,,678,6,2039,1,3.89,45,1584,950
2026-08-04T15:01:02.171838+00:00,—c“éõJD‚Æˆúêr‚ÌO’‹–é,https://www.dlsite.com/maniax/work/=/product_id/RJ01681092.html,RJ01681092,,115,13,871,,3.33,6,1584,950
2026-08-05T15:01:02.230622+00:00,˜S–‚ÌƒAƒYƒn,https://www.dlsite.com/maniax/work/=/product_id/RJ01401063.html,RJ01401063,,998,0,2005,1,4.03,173,715,429
2026-08-05T15:01:02.230622+00:00,‰õŠy‘Â‚¿ƒƒCƒh,https://www.dlsite.com/maniax/work/=/product_id/RJ01405134.html,RJ01405134,,1504,0,2669,2,3.97,234,715,429
2026-08-05T15:01:02.230622+00:00,”ülá—«—L—,https://www.dlsite.com/maniax/work/=/product_id/RJ01405145.html,RJ01405145,,266,0,841,1,4,50,715,429
2026-08-05T15:01:02.230622+00:00,–³C‚È­—‚ğ‰´D‚İ‚Éõ‚ß‚é‚Ü‚Å,https://www.dlsite.com/maniax/work/=/product_id/RJ01406775.html,RJ01406775,,2902,1,4610,2,3.85,456,715,429
2026-08-05T15:01:02.230622+00:00,•Ó‹«‘º‚Ìˆú—”š“ûƒVƒXƒ^[,https://www.dlsite.com/maniax/work/=/product_id/RJ01411103.html,RJ01411103,,1317,0,2828,2,4.12,233,715,429
2026-08-05T15:01:02.230622+00:00,—ö“üŠ¯ƒ‰ƒCƒJ,https://www.dlsite.com/maniax/work/=/product_id/RJ01468362.html,RJ01468362,,850,0,1751,,4.17,117,990,594
2026-08-05T15:01:02.230622+00:00,NTR—c“éõ,https://www.dlsite.com/maniax/work/=/product_id/RJ01474148.html,RJ01474148,,1913,0,3435,2,4.16,269,990,594
2026-08-05T15:01:02.230622+00:00,“Á‘Î4”ÇƒJƒKƒŠƒƒC‚Ìö“ü‘{¸,https://www.dlsite.com/maniax/work/=/product_id/RJ01477080.html,RJ01477080,,966,0,1767,2,4.08,170,990,594
2026-08-05T15:01:02.230622+00:00,“û•‘º‚ÌˆúK,https://www.dlsite.com/maniax/work/=/product_id/RJ01503190.html,RJ01503190,,1086,0,2866,3,4.11,159,990,594
2026-08-05T15:01:02.230622+00:00,•ß‚ç‚í‚ê‚ÌƒZƒCƒ‰,https://www.dlsite.com/maniax/work/=/product_id/RJ01548560.html,RJ01548560,,3253,3,4824,2,4.09,345,935,561
2026-08-05T15:01:02.230622+00:00,V•Ä”ülOL‚ğ‰´ê—p‚Ìˆú——‚ÉI,https://www.dlsite.com/maniax/work/=/product_id/RJ01584326.html,RJ01584326,,3119,1,4092,,4.12,287,990,594
2026-08-05T15:01:02.230622+00:00,‚Ş‚Á‚Â‚èƒhƒXƒPƒxƒVƒXƒ^[ƒAƒŠƒA‚Æ”š“ûƒGƒbƒ`‚·‚éRPG,https://www.dlsite.com/maniax/work/=/product_id/RJ01630451.html,RJ01630451,,805,2,2601,1,3.81,63,715,429
2026-08-05T15:01:02.230622+00:00,––±“IƒƒCƒh‚ÍƒUƒR‚Ü‚ñ‚±,https://www.dlsite.com/maniax/work/=/product_id/RJ01643769.html,RJ01643769,,242,0,1479,,4.37,19,1980,1188
2026-08-05T15:01:02.230622+00:00,¶ˆÓ‹C‚È—c“éõ”Ş—‚ğˆ¤‚µ‚Ä‚í‚©‚ç‚¹‚éƒQ[ƒ€,https://www.dlsite.com/maniax/work/=/product_id/RJ01646553.html,RJ01646553,,152,0,786,,3.92,13,1980,1188
2026-08-05T15:01:02.230622+00:00,•P‹RmƒGƒCƒ‹‚Ì’²‹³’Eo,https://www.dlsite.com/maniax/work/=/product_id/RJ01650277.html,RJ01650277,,24,0,286,,,,1430,858
2026-08-05T15:01:02.230622+00:00,‹Ö’f‚ÌQæ‚ç‚ê–Ú˜^,https://www.dlsite.com/maniax/work/=/product_id/RJ01669480.html,RJ01669480,,684,6,2046,1,3.89,45,1584,950
2026-08-05T15:01:02.230622+00:00,—c“éõJD‚Æˆúêr‚ÌO’‹–é,https://www.dlsite.com/maniax/work/=/product_id/RJ01681092.html,RJ01681092,,124,9,903,,3.33,6,1584,950
2026-08-06T15:01:02.219595+00:00,˜S–‚ÌƒAƒYƒn,https://www.dlsite.com/maniax/work/=/product_id/RJ01401063.html,RJ01401063,,998,0,2004,1,4.03,173,715,429
2026-08-06T15:01:02.219595+00:00,‰õŠy‘Â‚¿ƒƒCƒh,https://www.dlsite.com/maniax/work/=/product_id/RJ01405134.html,RJ01405134,,1504,0,2669,2,3.97,234,715,429
2026-08-06T15:01:02.219595+00:00,”ülá—«—L—,https://www.dlsite.com/maniax/work/=/product_id/RJ01405145.html,RJ01405145,,267,1,841,1,4,50,715,429
2026-08-06T15:01:02.219595+00:00,–³C‚È­—‚ğ‰´D‚İ‚Éõ‚ß‚é‚Ü‚Å,https://www.dlsite.com/maniax/work/=/product_id/RJ01406775.html,RJ01406775,,2902,0,4608,2,3.85,457,715,429
2026-08-06T15:01:02.219595+00:00,•Ó‹«‘º‚Ìˆú—”š“ûƒVƒXƒ^[,https://www.dlsite.com/maniax/work/=/product_id/RJ01411103.html,RJ01411103,,1317,0,2828,2,4.12,233,715,429
2026-08-06T15:01:02.219595+00:00,—ö“üŠ¯ƒ‰ƒCƒJ,https://www.dlsite.com/maniax/work/=/product_id/RJ01468362.html,RJ01468362,,850,0,1753,,4.17,117,990,594
2026-08-06T15:01:02.219595+00:00,NTR—c“éõ,https://www.dlsite.com/maniax/work/=/product_id/RJ01474148.html,RJ01474148,,1913,0,3432,2,4.16,269,990,594
2026-08-06T15:01:02.219595+00:00,“Á‘Î4”ÇƒJƒKƒŠƒƒC‚Ìö“ü‘{¸,https://www.dlsite.com/maniax/work/=/product_id/RJ01477080.html,RJ01477080,,966,0,1767,2,4.07,171,990,594
2026-08-06T15:01:02.219595+00:00,“û•‘º‚ÌˆúK,https://www.dlsite.com/maniax/work/=/product_id/RJ01503190.html,RJ01503190,,1086,0,2866,3,4.11,159,990,594
2026-08-06T15:01:02.219595+00:00,•ß‚ç‚í‚ê‚ÌƒZƒCƒ‰,https://www.dlsite.com/maniax/work/=/product_id/RJ01548560.html,RJ01548560,,3255,2,4826,2,4.09,345,935,561
2026-08-06T15:01:02.219595+00:00,V•Ä”ülOL‚ğ‰´ê—p‚Ìˆú——‚ÉI,https://www.dlsite.com/maniax/work/=/product_id/RJ01584326.html,RJ01584326,,3121,2,4092,,4.13,288,990,594
2026-08-06T15:01:02.219595+00:00,‚Ş‚Á‚Â‚èƒhƒXƒPƒxƒVƒXƒ^[ƒAƒŠƒA‚Æ”š“ûƒGƒbƒ`‚·‚éRPG,https://www.dlsite.com/maniax/work/=/product_id/RJ01630451.html,RJ01630451,,810,5,2609,1,3.81,63,715,429
2026-08-06T15:01:02.219595+00:00,––±“IƒƒCƒh‚ÍƒUƒR‚Ü‚ñ‚±,https://www.dlsite.com/maniax/work/=/product_id/RJ01643769.html,RJ01643769,,242,0,1480,,4.37,19,1980,1188
2026-08-06T15:01:02.219595+00:00,¶ˆÓ‹C‚È—c“éõ”Ş—‚ğˆ¤‚µ‚Ä‚í‚©‚ç‚¹‚éƒQ[ƒ€,https://www.dlsite.com/maniax/work/=/product_id/RJ01646553.html,RJ01646553,,152,0,786,,3.92,13,1980,1188
2026-08-06T15:01:02.219595+00:00,•P‹RmƒGƒCƒ‹‚Ì’²‹³’Eo,https://www.dlsite.com/maniax/work/=/product_id/RJ01650277.html,RJ01650277,,24,0,286,,,,1430,858
2026-08-06T15:01:02.219595+00:00,‹Ö’f‚ÌQæ‚ç‚ê–Ú˜^,https://www.dlsite.com/maniax/work/=/product_id/RJ01669480.html,RJ01669480,,687,3,2049,1,3.92,48,1584,950
2026-08-06T15:01:02.219595+00:00,—c“éõJD‚Æˆúêr‚ÌO’‹–é,https://www.dlsite.com/maniax/work/=/product_id/RJ01681092.html,RJ01681092,,134,10,929,,3.63,8,1584,950
2026-08-07T15:01:02.280625+00:00,˜S–‚ÌƒAƒYƒn,https://www.dlsite.com/maniax/work/=/product_id/RJ01401063.html,RJ01401063,,998,0,2004,1,4.03,173,715,429
2026-08-07T15:01:02.280625+00:00,‰õŠy‘Â‚¿ƒƒCƒh,https://www.dlsite.com/maniax/work/=/product_id/RJ01405134.html,RJ01405134,,1505,1,2668,2,3.97,234,715,429
2026-08-07T15:01:02.280625+00:00,”ülá—«—L—,https://www.dlsite.com/maniax/work/=/product_id/RJ01405145.html,RJ01405145,,267,0,841,1,4,50,715,429
2026-08-07T15:01:02.280625+00:00,–³C‚È­—‚ğ‰´D‚İ‚Éõ‚ß‚é‚Ü‚Å,https://www.dlsite.com/maniax/work/=/product_id/RJ01406775.html,RJ01406775,,2903,1,4608,2,3.85,457,715,429
2026-08-07T15:01:02.280625+00:00,•Ó‹«‘º‚Ìˆú—”š“ûƒVƒXƒ^[,https://www.dlsite.com/maniax/work/=/product_id/RJ01411103.html,RJ01411103,,1317,0,2828,2,4.12,233,715,429
2026-08-07T15:01:02.280625+00:00,—ö“üŠ¯ƒ‰ƒCƒJ,https://www.dlsite.com/maniax/work/=/product_id/RJ01468362.html,RJ01468362,,851,1,1753,,4.17,117,990,594
2026-08-07T15:01:02.280625+00:00,NTR—c“éõ,https://www.dlsite.com/maniax/work/=/product_id/RJ01474148.html,RJ01474148,,1915,2,3430,2,4.16,269,990,594
2026-08-07T15:01:02.280625+00:00,“Á‘Î4”ÇƒJƒKƒŠƒƒC‚Ìö“ü‘{¸,https://www.dlsite.com/maniax/work/=/product_id/RJ01477080.html,RJ01477080,,967,1,1767,2,4.07,171,990,594
2026-08-07T15:01:02.280625+00:00,“û•‘º‚ÌˆúK,https://www.dlsite.com/maniax/work/=/product_id/RJ01503190.html,RJ01503190,,1086,0,2865,3,4.11,159,990,594
2026-08-07T15:01:02.280625+00:00,•ß‚ç‚í‚ê‚ÌƒZƒCƒ‰,https://www.dlsite.com/maniax/work/=/product_id/RJ01548560.html,RJ01548560,,3258,3,4829,2,4.09,345,935,561
2026-08-07T15:01:02.280625+00:00,V•Ä”ülOL‚ğ‰´ê—p‚Ìˆú——‚ÉI,https://www.dlsite.com/maniax/work/=/product_id/RJ01584326.html,RJ01584326,,3125,4,4095,,4.13,288,990,594
2026-08-07T15:01:02.280625+00:00,‚Ş‚Á‚Â‚èƒhƒXƒPƒxƒVƒXƒ^[ƒAƒŠƒA‚Æ”š“ûƒGƒbƒ`‚·‚éRPG,https://www.dlsite.com/maniax/work/=/product_id/RJ01630451.html,RJ01630451,,811,1,2607,1,3.83,64,715,429
2026-08-07T15:01:02.280625+00:00,––±“IƒƒCƒh‚ÍƒUƒR‚Ü‚ñ‚±,https://www.dlsite.com/maniax/work/=/product_id/RJ01643769.html,RJ01643769,,242,0,1480,,4.37,19,1980,1188
2026-08-07T15:01:02.280625+00:00,¶ˆÓ‹C‚È—c“éõ”Ş—‚ğˆ¤‚µ‚Ä‚í‚©‚ç‚¹‚éƒQ[ƒ€,https://www.dlsite.com/maniax/work/=/product_id/RJ01646553.html,RJ01646553,,152,0,786,,3.86,14,1980,1188
2026-08-07T15:01:02.280625+00:00,•P‹RmƒGƒCƒ‹‚Ì’²‹³’Eo,https://www.dlsite.com/maniax/work/=/product_id/RJ01650277.html,RJ01650277,,24,0,286,,,,1430,858
2026-08-07T15:01:02.280625+00:00,‹Ö’f‚ÌQæ‚ç‚ê–Ú˜^,https://www.dlsite.com/maniax/work/=/product_id/RJ01669480.html,RJ01669480,,698,11,2052,1,3.9,50,1584,950
2026-08-07T15:01:02.280625+00:00,—c“éõJD‚Æˆúêr‚ÌO’‹–é,https://www.dlsite.com/maniax/work/=/product_id/RJ01681092.html,RJ01681092,,142,8,953,,3.63,8,1584,950
2026-08-08T15:01:02.223254+00:00,˜S–‚ÌƒAƒYƒn,https://www.dlsite.com/maniax/work/=/product_id/RJ01401063.html,RJ01401063,,998,0,2004,1,4.03,173,715,429
2026-08-08T15:01:02.223254+00:00,‰õŠy‘Â‚¿ƒƒCƒh,https://www.dlsite.com/maniax/work/=/product_id/RJ01405134.html,RJ01405134,,1505,0,2667,2,3.97,234,715,429
2026-08-08T15:01:02.223254+00:00,”ülá—«—L—,https://www.dlsite.com/maniax/work/=/product_id/RJ01405145.html,RJ01405145,,267,0,842,1,4,50,715,429
2026-08-08T15:01:02.223254+00:00,–³C‚È­—‚ğ‰´D‚İ‚Éõ‚ß‚é‚Ü‚Å,https://www.dlsite.com/maniax/work/=/product_id/RJ01406775.html,RJ01406775,,2903,0,4608,2,3.85,457,715,429
2026-08-08T15:01:02.223254+00:00,•Ó‹«‘º‚Ìˆú—”š“ûƒVƒXƒ^[,https://www.dlsite.com/maniax/work/=/product_id/RJ01411103.html,RJ01411103,,1317,0,2830,2,4.12,233,715,429
2026-08-08T15:01:02.223254+00:00,—ö“üŠ¯ƒ‰ƒCƒJ,https://www.dlsite.com/maniax/work/=/product_id/RJ01468362.html,RJ01468362,,851,0,1753,,4.17,117,990,594
2026-08-08T15:01:02.223254+00:00,NTR—c“éõ,https://www.dlsite.com/maniax/work/=/product_id/RJ01474148.html,RJ01474148,,1916,1,3432,2,4.16,269,990,594
2026-08-08T15:01:02.223254+00:00,“Á‘Î4”ÇƒJƒKƒŠƒƒC‚Ìö“ü‘{¸,https://www.dlsite.com/maniax/work/=/product_id/RJ01477080.html,RJ01477080,,967,0,1768,2,4.06,172,990,594
2026-08-08T15:01:02.223254+00:00,“û•‘º‚ÌˆúK,https://www.dlsite.com/maniax/work/=/product_id/RJ01503190.html,RJ01503190,,1087,1,2865,3,4.11,159,990,594
2026-08-08T15:01:02.223254+00:00,•ß‚ç‚í‚ê‚ÌƒZƒCƒ‰,https://www.dlsite.com/maniax/work/=/product_id/RJ01548560.html,RJ01548560,,3260,2,4831,2,4.08,346,935,561
2026-08-08T15:01:02.223254+00:00,V•Ä”ülOL‚ğ‰´ê—p‚Ìˆú——‚ÉI,https://www.dlsite.com/maniax/work/=/product_id/RJ01584326.html,RJ01584326,,3130,5,4096,,4.13,288,990,594
2026-08-08T15:01:02.223254+00:00,‚Ş‚Á‚Â‚èƒhƒXƒPƒxƒVƒXƒ^[ƒAƒŠƒA‚Æ”š“ûƒGƒbƒ`‚·‚éRPG,https://www.dlsite.com/maniax/work/=/product_id/RJ01630451.html,RJ01630451,,814,3,2614,1,3.83,64,715,429
2026-08-08T15:01:02.223254+00:00,––±“IƒƒCƒh‚ÍƒUƒR‚Ü‚ñ‚±,https://www.dlsite.com/maniax/work/=/product_id/RJ01643769.html,RJ01643769,,242,0,1479,,4.37,19,1980,1188
2026-08-08T15:01:02.223254+00:00,¶ˆÓ‹C‚È—c“éõ”Ş—‚ğˆ¤‚µ‚Ä‚í‚©‚ç‚¹‚éƒQ[ƒ€,https://www.dlsite.com/maniax/work/=/product_id/RJ01646553.html,RJ01646553,,152,0,785,,3.86,14,1980,1188
2026-08-08T15:01:02.223254+00:00,•P‹RmƒGƒCƒ‹‚Ì’²‹³’Eo,https://www.dlsite.com/maniax/work/=/product_id/RJ01650277.html,RJ01650277,,24,0,286,,,,1430,858
2026-08-08T15:01:02.223254+00:00,‹Ö’f‚ÌQæ‚ç‚ê–Ú˜^,https://www.dlsite.com/maniax/work/=/product_id/RJ01669480.html,RJ01669480,,712,14,2067,1,3.92,51,1584,950
2026-08-08T15:01:02.223254+00:00,—c“éõJD‚Æˆúêr‚ÌO’‹–é,https://www.dlsite.com/maniax/work/=/product_id/RJ01681092.html,RJ01681092,,148,6,978,,3.63,8,1584,950
2026-08-09T15:01:02.140796+00:00,˜S–‚ÌƒAƒYƒn,https://www.dlsite.com/maniax/work/=/product_id/RJ01401063.html,RJ01401063,,998,0,2004,1,4.03,173,715,429
2026-08-09T15:01:02.140796+00:00,‰õŠy‘Â‚¿ƒƒCƒh,https://www.dlsite.com/maniax/work/=/product_id/RJ01405134.html,RJ01405134,,1505,0,2665,2,3.97,234,715,429
2026-08-09T15:01:02.140796+00:00,”ülá—«—L—,https://www.dlsite.com/maniax/work/=/product_id/RJ01405145.html,RJ01405145,,267,0,842,1,4,50,715,429
2026-08-09T15:01:02.140796+00:00,–³C‚È­—‚ğ‰´D‚İ‚Éõ‚ß‚é‚Ü‚Å,https://www.dlsite.com/maniax/work/=/product_id/RJ01406775.html,RJ01406775,,2905,2,4610,2,3.85,457,715,429
2026-08-09T15:01:02.140796+00:00,•Ó‹«‘º‚Ìˆú—”š“ûƒVƒXƒ^[,https://www.dlsite.com/maniax/work/=/product_id/RJ01411103.html,RJ01411103,,1317,0,2832,2,4.12,233,715,429
2026-08-09T15:01:02.140796+00:00,—ö“üŠ¯ƒ‰ƒCƒJ,https://www.dlsite.com/maniax/work/=/product_id/RJ01468362.html,RJ01468362,,851,0,1752,,4.17,117,990,594
2026-08-09T15:01:02.140796+00:00,NTR—c“éõ,https://www.dlsite.com/maniax/work/=/product_id/RJ01474148.html,RJ01474148,,1916,0,3432,2,4.16,269,990,594
2026-08-09T15:01:02.140796+00:00,“Á‘Î4”ÇƒJƒKƒŠƒƒC‚Ìö“ü‘{¸,https://www.dlsite.com/maniax/work/=/product_id/RJ01477080.html,RJ01477080,,967,0,1769,2,4.06,172,990,594
2026-08-09T15:01:02.140796+00:00,“û•‘º‚ÌˆúK,https://www.dlsite.com/maniax/work/=/product_id/RJ01503190.html,RJ01503190,,1088,1,2866,3,4.11,159,990,594
2026-08-09T15:01:02.140796+00:00,•ß‚ç‚í‚ê‚ÌƒZƒCƒ‰,https://www.dlsite.com/maniax/work/=/product_id/RJ01548560.html,RJ01548560,,3261,1,4831,2,4.08,348,935,561
2026-08-09T15:01:02.140796+00:00,V•Ä”ülOL‚ğ‰´ê—p‚Ìˆú——‚ÉI,https://www.dlsite.com/maniax/work/=/product_id/RJ01584326.html,RJ01584326,,3137,7,4099,,4.13,289,990,594
2026-08-09T15:01:02.140796+00:00,‚Ş‚Á‚Â‚èƒhƒXƒPƒxƒVƒXƒ^[ƒAƒŠƒA‚Æ”š“ûƒGƒbƒ`‚·‚éRPG,https://www.dlsite.com/maniax/work/=/product_id/RJ01630451.html,RJ01630451,,819,5,2615,1,3.83,64,715,429
2026-08-09T15:01:02.140796+00:00,––±“IƒƒCƒh‚ÍƒUƒR‚Ü‚ñ‚±,https://www.dlsite.com/maniax/work/=/product_id/RJ01643769.html,RJ01643769,,242,0,1481,,4.35,20,1980,1188
2026-08-09T15:01:02.140796+00:00,¶ˆÓ‹C‚È—c“éõ”Ş—‚ğˆ¤‚µ‚Ä‚í‚©‚ç‚¹‚éƒQ[ƒ€,https://www.dlsite.com/maniax/work/=/product_id/RJ01646553.html,RJ01646553,,152,0,794,,3.86,14,1980,1188
2026-08-09T15:01:02.140796+00:00,•P‹RmƒGƒCƒ‹‚Ì’²‹³’Eo,https://www.dlsite.com/maniax/work/=/product_id/RJ01650277.html,RJ01650277,,24,0,286,,,,1430,858
2026-08-09T15:01:02.140796+00:00,‹Ö’f‚ÌQæ‚ç‚ê–Ú˜^,https://www.dlsite.com/maniax/work/=/product_id/RJ01669480.html,RJ01669480,,719,7,2076,1,3.9,52,1980,1188
2026-08-09T15:01:02.140796+00:00,—c“éõJD‚Æˆúêr‚ÌO’‹–é,https://www.dlsite.com/maniax/work/=/product_id/RJ01681092.html,RJ01681092,,156,8,989,,3.44,9,1584,950
2026-08-10T15:01:02.207779+00:00,˜S–‚ÌƒAƒYƒn,https://www.dlsite.com/maniax/work/=/product_id/RJ01401063.html,RJ01401063,,998,0,2004,1,4.03,173,715,429
2026-08-10T15:01:02.207779+00:00,‰õŠy‘Â‚¿ƒƒCƒh,https://www.dlsite.com/maniax/work/=/product_id/RJ01405134.html,RJ01405134,,1506,1,2666,2,3.97,234,715,429
2026-08-10T15:01:02.207779+00:00,”ülá—«—L—,https://www.dlsite.com/maniax/work/=/product_id/RJ01405145.html,RJ01405145,,267,0,842,1,4,50,715,429
2026-08-10T15:01:02.207779+00:00,–³C‚È­—‚ğ‰´D‚İ‚Éõ‚ß‚é‚Ü‚Å,https://www.dlsite.com/maniax/work/=/product_id/RJ01406775.html,RJ01406775,,2905,0,4607,2,3.85,457,715,429
2026-08-10T15:01:02.207779+00:00,•Ó‹«‘º‚Ìˆú—”š“ûƒVƒXƒ^[,https://www.dlsite.com/maniax/work/=/product_id/RJ01411103.html,RJ01411103,,1317,0,2832,2,4.12,233,715,429
2026-08-10T15:01:02.207779+00:00,—ö“üŠ¯ƒ‰ƒCƒJ,https://www.dlsite.com/maniax/work/=/product_id/RJ01468362.html,RJ01468362,,852,1,1753,,4.17,117,990,594
2026-08-10T15:01:02.207779+00:00,NTR—c“éõ,https://www.dlsite.com/maniax/work/=/product_id/RJ01474148.html,RJ01474148,,1918,2,3431,2,4.16,269,990,594
2026-08-10T15:01:02.207779+00:00,“Á‘Î4”ÇƒJƒKƒŠƒƒC‚Ìö“ü‘{¸,https://www.dlsite.com/maniax/work/=/product_id/RJ01477080.html,RJ01477080,,968,1,1769,2,4.06,172,990,594
2026-08-10T15:01:02.207779+00:00,“û•‘º‚ÌˆúK,https://www.dlsite.com/maniax/work/=/product_id/RJ01503190.html,RJ01503190,,1088,0,2866,3,4.11,159,990,594
2026-08-10T15:01:02.207779+00:00,•ß‚ç‚í‚ê‚ÌƒZƒCƒ‰,https://www.dlsite.com/maniax/work/=/product_id/RJ01548560.html,RJ01548560,,3266,5,4835,2,4.08,349,935,561
2026-08-10T15:01:02.207779+00:00,V•Ä”ülOL‚ğ‰´ê—p‚Ìˆú——‚ÉI,https://www.dlsite.com/maniax/work/=/product_id/RJ01584326.html,RJ01584326,,3141,4,4102,,4.12,290,990,594
2026-08-10T15:01:02.207779+00:00,‚Ş‚Á‚Â‚èƒhƒXƒPƒxƒVƒXƒ^[ƒAƒŠƒA‚Æ”š“ûƒGƒbƒ`‚·‚éRPG,https://www.dlsite.com/maniax/work/=/product_id/RJ01630451.html,RJ01630451,,824,5,2620,1,3.83,64,715,429
2026-08-10T15:01:02.207779+00:00,––±“IƒƒCƒh‚ÍƒUƒR‚Ü‚ñ‚±,https://www.dlsite.com/maniax/work/=/product_id/RJ01643769.html,RJ01643769,,243,1,1481,,4.35,20,1980,1188
2026-08-10T15:01:02.207779+00:00,¶ˆÓ‹C‚È—c“éõ”Ş—‚ğˆ¤‚µ‚Ä‚í‚©‚ç‚¹‚éƒQ[ƒ€,https://www.dlsite.com/maniax/work/=/product_id/RJ01646553.html,RJ01646553,,153,1,795,,3.86,14,1980,1188
2026-08-10T15:01:02.207779+00:00,•P‹RmƒGƒCƒ‹‚Ì’²‹³’Eo,https://www.dlsite.com/maniax/work/=/product_id/RJ01650277.html,RJ01650277,,24,0,286,,,,1430,858
2026-08-10T15:01:02.207779+00:00,‹Ö’f‚ÌQæ‚ç‚ê–Ú˜^,https://www.dlsite.com/maniax/work/=/product_id/RJ01669480.html,RJ01669480,,726,7,2087,1,3.92,53,1980,1188
2026-08-10T15:01:02.207779+00:00,—c“éõJD‚Æˆúêr‚ÌO’‹–é,https://www.dlsite.com/maniax/work/=/product_id/RJ01681092.html,RJ01681092,,159,3,998,,3.44,9,1584,950
2026-08-11T15:01:02.288570+00:00,˜S–‚ÌƒAƒYƒn,https://www.dlsite.com/maniax/work/=/product_id/RJ01401063.html,RJ01401063,,998,0,2003,1,4.03,173,715,429
2026-08-11T15:01:02.288570+00:00,‰õŠy‘Â‚¿ƒƒCƒh,https://www.dlsite.com/maniax/work/=/product_id/RJ01405134.html,RJ01405134,,1507,1,2667,2,3.97,234,715,429
2026-08-11T15:01:02.288570+00:00,”ülá—«—L—,https://www.dlsite.com/maniax/work/=/product_id/RJ01405145.html,RJ01405145,,268,1,841,1,4,50,715,429
2026-08-11T15:01:02.288570+00:00,–³C‚È­—‚ğ‰´D‚İ‚Éõ‚ß‚é‚Ü‚Å,https://www.dlsite.com/maniax/work/=/product_id/RJ01406775.html,RJ01406775,,2906,1,4606,2,3.85,458,715,429
2026-08-11T15:01:02.288570+00:00,•Ó‹«‘º‚Ìˆú—”š“ûƒVƒXƒ^[,https://www.dlsite.com/maniax/work/=/product_id/RJ01411103.html,RJ01411103,,1317,0,2832,2,4.12,233,715,429
2026-08-11T15:01:02.288570+00:00,—ö“üŠ¯ƒ‰ƒCƒJ,https://www.dlsite.com/maniax/work/=/product_id/RJ01468362.html,RJ01468362,,852,0,1754,,4.17,117,990,594
2026-08-11T15:01:02.288570+00:00,NTR—c“éõ,https://www.dlsite.com/maniax/work/=/product_id/RJ01474148.html,RJ01474148,,1918,0,3432,2,4.16,270,990,594
2026-08-11T15:01:02.288570+00:00,“Á‘Î4”ÇƒJƒKƒŠƒƒC‚Ìö“ü‘{¸,https://www.dlsite.com/maniax/work/=/product_id/RJ01477080.html,RJ01477080,,968,0,1769,2,4.06,172,990,594
2026-08-11T15:01:02.288570+00:00,“û•‘º‚ÌˆúK,https://www.dlsite.com/maniax/work/=/product_id/RJ01503190.html,RJ01503190,,1088,0,2865,3,4.11,159,990,594
2026-08-11T15:01:02.288570+00:00,•ß‚ç‚í‚ê‚ÌƒZƒCƒ‰,https://www.dlsite.com/maniax/work/=/product_id/RJ01548560.html,RJ01548560,,3269,3,4838,2,4.08,349,935,561
2026-08-11T15:01:02.288570+00:00,V•Ä”ülOL‚ğ‰´ê—p‚Ìˆú——‚ÉI,https://www.dlsite.com/maniax/work/=/product_id/RJ01584326.html,RJ01584326,,3148,7,4103,,4.12,290,990,594
2026-08-11T15:01:02.288570+00:00,‚Ş‚Á‚Â‚èƒhƒXƒPƒxƒVƒXƒ^[ƒAƒŠƒA‚Æ”š“ûƒGƒbƒ`‚·‚éRPG,https://www.dlsite.com/maniax/work/=/product_id/RJ01630451.html,RJ01630451,,830,6,2624,1,3.82,65,715,429
2026-08-11T15:01:02.288570+00:00,––±“IƒƒCƒh‚ÍƒUƒR‚Ü‚ñ‚±,https://www.dlsite.com/maniax/work/=/product_id/RJ01643769.html,RJ01643769,,243,0,1485,,4.35,20,1980,1188
2026-08-11T15:01:02.288570+00:00,¶ˆÓ‹C‚È—c“éõ”Ş—‚ğˆ¤‚µ‚Ä‚í‚©‚ç‚¹‚éƒQ[ƒ€,https://www.dlsite.com/maniax/work/=/product_id/RJ01646553.html,RJ01646553,,154,1,795,,3.86,14,1980,1188
2026-08-11T15:01:02.288570+00:00,•P‹RmƒGƒCƒ‹‚Ì’²‹³’Eo,https://www.dlsite.com/maniax/work/=/product_id/RJ01650277.html,RJ01650277,,24,0,286,,,,1430,858
2026-08-11T15:01:02.288570+00:00,‹Ö’f‚ÌQæ‚ç‚ê–Ú˜^,https://www.dlsite.com/maniax/work/=/product_id/RJ01669480.html,RJ01669480,,733,7,2091,1,3.93,55,1980,1188
2026-08-11T15:01:02.288570+00:00,—c“éõJD‚Æˆúêr‚ÌO’‹–é,https://www.dlsite.com/maniax/work/=/product_id/RJ01681092.html,RJ01681092,,162,3,999,,3.44,9,1584,950
2026-08-12T15:01:02.310195+00:00,˜S–‚ÌƒAƒYƒn,https://www.dlsite.com/maniax/work/=/product_id/RJ01401063.html,RJ01401063,,998,0,2003,1,4.03,173,715,429
2026-08-12T15:01:02.310195+00:00,‰õŠy‘Â‚¿ƒƒCƒh,https://www.dlsite.com/maniax/work/=/product_id/RJ01405134.html,RJ01405134,,1507,0,2667,2,3.97,234,715,429
2026-08-12T15:01:02.310195+00:00,”ülá—«—L—,https://www.dlsite.com/maniax/work/=/product_id/RJ01405145.html,RJ01405145,,268,0,841,1,4,50,715,429
2026-08-12T15:01:02.310195+00:00,–³C‚È­—‚ğ‰´D‚İ‚Éõ‚ß‚é‚Ü‚Å,https://www.dlsite.com/maniax/work/=/product_id/RJ01406775.html,RJ01406775,,2908,2,4607,2,3.85,459,715,429
2026-08-12T15:01:02.310195+00:00,•Ó‹«‘º‚Ìˆú—”š“ûƒVƒXƒ^[,https://www.dlsite.com/maniax/work/=/product_id/RJ01411103.html,RJ01411103,,1318,1,2832,2,4.12,233,715,429
2026-08-12T15:01:02.310195+00:00,—ö“üŠ¯ƒ‰ƒCƒJ,https://www.dlsite.com/maniax/work/=/product_id/RJ01468362.html,RJ01468362,,852,0,1754,,4.17,117,990,594
2026-08-12T15:01:02.310195+00:00,NTR—c“éõ,https://www.dlsite.com/maniax/work/=/product_id/RJ01474148.html,RJ01474148,,1920,2,3434,2,4.16,270,990,594
2026-08-12T15:01:02.310195+00:00,“Á‘Î4”ÇƒJƒKƒŠƒƒC‚Ìö“ü‘{¸,https://www.dlsite.com/maniax/work/=/product_id/RJ01477080.html,RJ01477080,,968,0,1769,2,4.06,172,990,594
2026-08-12T15:01:02.310195+00:00,“û•‘º‚ÌˆúK,https://www.dlsite.com/maniax/work/=/product_id/RJ01503190.html,RJ01503190,,1089,1,2865,3,4.11,159,990,594
2026-08-12T15:01:02.310195+00:00,•ß‚ç‚í‚ê‚ÌƒZƒCƒ‰,https://www.dlsite.com/maniax/work/=/product_id/RJ01548560.html,RJ01548560,,3271,2,4840,2,4.08,349,935,561
2026-08-12T15:01:02.310195+00:00,V•Ä”ülOL‚ğ‰´ê—p‚Ìˆú——‚ÉI,https://www.dlsite.com/maniax/work/=/product_id/RJ01584326.html,RJ01584326,,3150,2,4104,,4.12,291,990,594
2026-08-12T15:01:02.310195+00:00,‚Ş‚Á‚Â‚èƒhƒXƒPƒxƒVƒXƒ^[ƒAƒŠƒA‚Æ”š“ûƒGƒbƒ`‚·‚éRPG,https://www.dlsite.com/maniax/work/=/product_id/RJ01630451.html,RJ01630451,,834,4,2627,1,3.83,66,715,429
2026-08-12T15:01:02.310195+00:00,––±“IƒƒCƒh‚ÍƒUƒR‚Ü‚ñ‚±,https://www.dlsite.com/maniax/work/=/product_id/RJ01643769.html,RJ01643769,,243,0,1485,,4.35,20,1980,1188
2026-08-12T15:01:02.310195+00:00,¶ˆÓ‹C‚È—c“éõ”Ş—‚ğˆ¤‚µ‚Ä‚í‚©‚ç‚¹‚éƒQ[ƒ€,https://www.dlsite.com/maniax/work/=/product_id/RJ01646553.html,RJ01646553,,155,1,796,,3.86,14,1980,1188
2026-08-12T15:01:02.310195+00:00,•P‹RmƒGƒCƒ‹‚Ì’²‹³’Eo,https://www.dlsite.com/maniax/work/=/product_id/RJ01650277.html,RJ01650277,,24,0,286,,,,1430,858
2026-08-12T15:01:02.310195+00:00,‹Ö’f‚ÌQæ‚ç‚ê–Ú˜^,https://www.dlsite.com/maniax/work/=/product_id/RJ01669480.html,RJ01669480,,735,2,2087,1,3.95,56,1980,1188
2026-08-12T15:01:02.310195+00:00,—c“éõJD‚Æˆúêr‚ÌO’‹–é,https://www.dlsite.com/maniax/work/=/product_id/RJ01681092.html,RJ01681092,,165,3,1002,,3.44,9,1584,950
2026-08-13T15:01:02.158805+00:00,˜S–‚ÌƒAƒYƒn,https://www.dlsite.com/maniax/work/=/product_id/RJ01401063.html,RJ01401063,,998,0,2003,1,4.03,173,715,429
2026-08-13T15:01:02.158805+00:00,‰õŠy‘Â‚¿ƒƒCƒh,https://www.dlsite.com/maniax/work/=/product_id/RJ01405134.html,RJ01405134,,1507,0,2667,2,3.97,234,715,429
2026-08-13T15:01:02.158805+00:00,”ülá—«—L—,https://www.dlsite.com/maniax/work/=/product_id/RJ01405145.html,RJ01405145,,268,0,841,1,4,50,715,429
2026-08-13T15:01:02.158805+00:00,–³C‚È­—‚ğ‰´D‚İ‚Éõ‚ß‚é‚Ü‚Å,https://www.dlsite.com/maniax/work/=/product_id/RJ01406775.html,RJ01406775,,2909,1,4607,2,3.85,459,715,429
2026-08-13T15:01:02.158805+00:00,•Ó‹«‘º‚Ìˆú—”š“ûƒVƒXƒ^[,https://www.dlsite.com/maniax/work/=/product_id/RJ01411103.html,RJ01411103,,1318,0,2831,2,4.12,233,715,429
2026-08-13T15:01:02.158805+00:00,—ö“üŠ¯ƒ‰ƒCƒJ,https://www.dlsite.com/maniax/work/=/product_id/RJ01468362.html,RJ01468362,,853,1,1755,,4.17,117,990,594
2026-08-13T15:01:02.158805+00:00,NTR—c“éõ,https://www.dlsite.com/maniax/work/=/product_id/RJ01474148.html,RJ01474148,,1920,0,3434,2,4.16,270,990,594
2026-08-13T15:01:02.158805+00:00,“Á‘Î4”ÇƒJƒKƒŠƒƒC‚Ìö“ü‘{¸,https://www.dlsite.com/maniax/work/=/product_id/RJ01477080.html,RJ01477080,,968,0,1769,2,4.06,172,990,594
2026-08-13T15:01:02.158805+00:00,“û•‘º‚ÌˆúK,https://www.dlsite.com/maniax/work/=/product_id/RJ01503190.html,RJ01503190,,1091,2,2864,3,4.11,159,990,594
2026-08-13T15:01:02.158805+00:00,•ß‚ç‚í‚ê‚ÌƒZƒCƒ‰,https://www.dlsite.com/maniax/work/=/product_id/RJ01548560.html,RJ01548560,,3271,0,4844,2,4.08,349,935,561
2026-08-13T15:01:02.158805+00:00,V•Ä”ülOL‚ğ‰´ê—p‚Ìˆú——‚ÉI,https://www.dlsite.com/maniax/work/=/product_id/RJ01584326.html,RJ01584326,,3154,4,4100,,4.12,291,990,594
2026-08-13T15:01:02.158805+00:00,‚Ş‚Á‚Â‚èƒhƒXƒPƒxƒVƒXƒ^[ƒAƒŠƒA‚Æ”š“ûƒGƒbƒ`‚·‚éRPG,https://www.dlsite.com/maniax/work/=/product_id/RJ01630451.html,RJ01630451,,841,7,2625,2,3.84,67,715,429
2026-08-13T15:01:02.158805+00:00,––±“IƒƒCƒh‚ÍƒUƒR‚Ü‚ñ‚±,https://www.dlsite.com/maniax/work/=/product_id/RJ01643769.html,RJ01643769,,243,0,1485,,4.35,20,1980,1188
2026-08-13T15:01:02.158805+00:00,¶ˆÓ‹C‚È—c“éõ”Ş—‚ğˆ¤‚µ‚Ä‚í‚©‚ç‚¹‚éƒQ[ƒ€,https://www.dlsite.com/maniax/work/=/product_id/RJ01646553.html,RJ01646553,,156,1,796,,3.86,14,1980,1188
2026-08-13T15:01:02.158805+00:00,•P‹RmƒGƒCƒ‹‚Ì’²‹³’Eo,https://www.dlsite.com/maniax/work/=/product_id/RJ01650277.html,RJ01650277,,24,0,286,,,,1430,858
2026-08-13T15:01:02.158805+00:00,‹Ö’f‚ÌQæ‚ç‚ê–Ú˜^,https://www.dlsite.com/maniax/work/=/product_id/RJ01669480.html,RJ01669480,,735,0,2090,1,3.95,57,1980,1188
2026-08-13T15:01:02.158805+00:00,—c“éõJD‚Æˆúêr‚ÌO’‹–é,https://www.dlsite.com/maniax/work/=/product_id/RJ01681092.html,RJ01681092,,169,4,1009,,3.44,9,1584,950
2026-08-14T15:01:02.305726+00:00,˜S–‚ÌƒAƒYƒn,https://www.dlsite.com/maniax/work/=/product_id/RJ01401063.html,RJ01401063,,1000,2,2003,1,4.03,173,715,429
2026-08-14T15:01:02.305726+00:00,‰õŠy‘Â‚¿ƒƒCƒh,https://www.dlsite.com/maniax/work/=/product_id/RJ01405134.html,RJ01405134,,1508,1,2667,2,3.97,235,715,429
2026-08-14T15:01:02.305726+00:00,”ülá—«—L—,https://www.dlsite.com/maniax/work/=/product_id/RJ01405145.html,RJ01405145,,268,0,841,1,4,50,715,429
2026-08-14T15:01:02.305726+00:00,–³C‚È­—‚ğ‰´D‚İ‚Éõ‚ß‚é‚Ü‚Å,https://www.dlsite.com/maniax/work/=/product_id/RJ01406775.html,RJ01406775,,2910,1,4607,2,3.85,459,715,429
2026-08-14T15:01:02.305726+00:00,•Ó‹«‘º‚Ìˆú—”š“ûƒVƒXƒ^[,https://www.dlsite.com/maniax/work/=/product_id/RJ01411103.html,RJ01411103,,1319,1,2831,2,4.12,233,715,429
2026-08-14T15:01:02.305726+00:00,—ö“üŠ¯ƒ‰ƒCƒJ,https://www.dlsite.com/maniax/work/=/product_id/RJ01468362.html,RJ01468362,,854,1,1755,,4.17,117,990,594
2026-08-14T15:01:02.305726+00:00,NTR—c“éõ,https://www.dlsite.com/maniax/work/=/product_id/RJ01474148.html,RJ01474148,,1922,2,3435,2,4.16,270,990,594
2026-08-14T15:01:02.305726+00:00,“Á‘Î4”ÇƒJƒKƒŠƒƒC‚Ìö“ü‘{¸,https://www.dlsite.com/maniax/work/=/product_id/RJ01477080.html,RJ01477080,,968,0,1768,2,4.06,172,990,594
2026-08-14T15:01:02.305726+00:00,“û•‘º‚ÌˆúK,https://www.dlsite.com/maniax/work/=/product_id/RJ01503190.html,RJ01503190,,1093,2,2866,3,4.11,159,990,594
2026-08-14T15:01:02.305726+00:00,•ß‚ç‚í‚ê‚ÌƒZƒCƒ‰,https://www.dlsite.com/maniax/work/=/product_id/RJ01548560.html,RJ01548560,,3272,1,4844,2,4.09,352,935,561
2026-08-14T15:01:02.305726+00:00,V•Ä”ülOL‚ğ‰´ê—p‚Ìˆú——‚ÉI,https://www.dlsite.com/maniax/work/=/product_id/RJ01584326.html,RJ01584326,,3155,1,4103,,4.12,293,990,594
2026-08-14T15:01:02.305726+00:00,‚Ş‚Á‚Â‚èƒhƒXƒPƒxƒVƒXƒ^[ƒAƒŠƒA‚Æ”š“ûƒGƒbƒ`‚·‚éRPG,https://www.dlsite.com/maniax/work/=/product_id/RJ01630451.html,RJ01630451,,848,7,2628,2,3.84,67,715,429
2026-08-14T15:01:02.305726+00:00,––±“IƒƒCƒh‚ÍƒUƒR‚Ü‚ñ‚±,https://www.dlsite.com/maniax/work/=/product_id/RJ01643769.html,RJ01643769,,243,0,1479,,4.35,20,1980,1188
2026-08-14T15:01:02.305726+00:00,¶ˆÓ‹C‚È—c“éõ”Ş—‚ğˆ¤‚µ‚Ä‚í‚©‚ç‚¹‚éƒQ[ƒ€,https://www.dlsite.com/maniax/work/=/product_id/RJ01646553.html,RJ01646553,,156,0,794,,3.86,14,1980,1188
2026-08-14T15:01:02.305726+00:00,•P‹RmƒGƒCƒ‹‚Ì’²‹³’Eo,https://www.dlsite.com/maniax/work/=/product_id/RJ01650277.html,RJ01650277,,26,2,283,,,,1430,858
2026-08-14T15:01:02.305726+00:00,‹Ö’f‚ÌQæ‚ç‚ê–Ú˜^,https://www.dlsite.com/maniax/work/=/product_id/RJ01669480.html,RJ01669480,,737,2,2089,1,3.95,59,1980,1188
2026-08-14T15:01:02.305726+00:00,—c“éõJD‚Æˆúêr‚ÌO’‹–é,https://www.dlsite.com/maniax/work/=/product_id/RJ01681092.html,RJ01681092,,174,5,1013,,3.4,10,1584,950
2026-08-15T15:01:02.266723+00:00,˜S–‚ÌƒAƒYƒn,https://www.dlsite.com/maniax/work/=/product_id/RJ01401063.html,RJ01401063,,1000,0,2004,1,4.03,173,715,429
2026-08-15T15:01:02.266723+00:00,‰õŠy‘Â‚¿ƒƒCƒh,https://www.dlsite.com/maniax/work/=/product_id/RJ01405134.html,RJ01405134,,1508,0,2665,2,3.97,235,715,429
2026-08-15T15:01:02.266723+00:00,”ülá—«—L—,https://www.dlsite.com/maniax/work/=/product_id/RJ01405145.html,RJ01405145,,268,0,841,1,4,50,715,429
2026-08-15T15:01:02.266723+00:00,–³C‚È­—‚ğ‰´D‚İ‚Éõ‚ß‚é‚Ü‚Å,https://www.dlsite.com/maniax/work/=/product_id/RJ01406775.html,RJ01406775,,2912,2,4607,2,3.85,459,715,429
2026-08-15T15:01:02.266723+00:00,•Ó‹«‘º‚Ìˆú—”š“ûƒVƒXƒ^[,https://www.dlsite.com/maniax/work/=/product_id/RJ01411103.html,RJ01411103,,1319,0,2830,2,4.12,233,715,429
2026-08-15T15:01:02.266723+00:00,—ö“üŠ¯ƒ‰ƒCƒJ,https://www.dlsite.com/maniax/work/=/product_id/RJ01468362.html,RJ01468362,,854,0,1753,,4.17,117,990,594
2026-08-15T15:01:02.266723+00:00,NTR—c“éõ,https://www.dlsite.com/maniax/work/=/product_id/RJ01474148.html,RJ01474148,,1923,1,3435,2,4.16,271,990,594
2026-08-15T15:01:02.266723+00:00,“Á‘Î4”ÇƒJƒKƒŠƒƒC‚Ìö“ü‘{¸,https://www.dlsite.com/maniax/work/=/product_id/RJ01477080.html,RJ01477080,,968,0,1767,2,4.06,172,990,594
2026-08-15T15:01:02.266723+00:00,“û•‘º‚ÌˆúK,https://www.dlsite.com/maniax/work/=/product_id/RJ01503190.html,RJ01503190,,1093,0,2866,3,4.1,160,990,594
2026-08-15T15:01:02.266723+00:00,•ß‚ç‚í‚ê‚ÌƒZƒCƒ‰,https://www.dlsite.com/maniax/work/=/product_id/RJ01548560.html,RJ01548560,,3273,1,4844,2,4.09,352,935,561
2026-08-15T15:01:02.266723+00:00,V•Ä”ülOL‚ğ‰´ê—p‚Ìˆú——‚ÉI,https://www.dlsite.com/maniax/work/=/product_id/RJ01584326.html,RJ01584326,,3157,2,4103,,4.12,293,990,594
2026-08-15T15:01:02.266723+00:00,‚Ş‚Á‚Â‚èƒhƒXƒPƒxƒVƒXƒ^[ƒAƒŠƒA‚Æ”š“ûƒGƒbƒ`‚·‚éRPG,https://www.dlsite.com/maniax/work/=/product_id/RJ01630451.html,RJ01630451,,856,8,2629,2,3.84,69,715,429
2026-08-15T15:01:02.266723+00:00,––±“IƒƒCƒh‚ÍƒUƒR‚Ü‚ñ‚±,https://www.dlsite.com/maniax/work/=/product_id/RJ01643769.html,RJ01643769,,247,4,1477,,4.35,20,990,594
2026-08-15T15:01:02.266723+00:00,¶ˆÓ‹C‚È—c“éõ”Ş—‚ğˆ¤‚µ‚Ä‚í‚©‚ç‚¹‚éƒQ[ƒ€,https://www.dlsite.com/maniax/work/=/product_id/RJ01646553.html,RJ01646553,,160,4,794,,3.93,15,990,594
2026-08-15T15:01:02.266723+00:00,•P‹RmƒGƒCƒ‹‚Ì’²‹³’Eo,https://www.dlsite.com/maniax/work/=/product_id/RJ01650277.html,RJ01650277,,26,0,282,,,,715,429
2026-08-15T15:01:02.266723+00:00,‹Ö’f‚ÌQæ‚ç‚ê–Ú˜^,https://www.dlsite.com/maniax/work/=/product_id/RJ01669480.html,RJ01669480,,742,5,2094,1,3.97,62,1980,1188
2026-08-15T15:01:02.266723+00:00,—c“éõJD‚Æˆúêr‚ÌO’‹–é,https://www.dlsite.com/maniax/work/=/product_id/RJ01681092.html,RJ01681092,,181,7,1018,,3.36,11,1584,950
2026-08-16T15:01:02.295183+00:00,˜S–‚ÌƒAƒYƒn,https://www.dlsite.com/maniax/work/=/product_id/RJ01401063.html,RJ01401063,,1000,0,2004,1,4.03,173,715,429
2026-08-16T15:01:02.295183+00:00,‰õŠy‘Â‚¿ƒƒCƒh,https://www.dlsite.com/maniax/work/=/product_id/RJ01405134.html,RJ01405134,,1509,1,2666,2,3.97,235,715,429
2026-08-16T15:01:02.295183+00:00,”ülá—«—L—,https://www.dlsite.com/maniax/work/=/product_id/RJ01405145.html,RJ01405145,,268,0,841,1,4,50,715,429
2026-08-16T15:01:02.295183+00:00,–³C‚È­—‚ğ‰´D‚İ‚Éõ‚ß‚é‚Ü‚Å,https://www.dlsite.com/maniax/work/=/product_id/RJ01406775.html,RJ01406775,,2914,2,4607,2,3.85,459,715,429
2026-08-16T15:01:02.295183+00:00,•Ó‹«‘º‚Ìˆú—”š“ûƒVƒXƒ^[,https://www.dlsite.com/maniax/work/=/product_id/RJ01411103.html,RJ01411103,,1319,0,2830,2,4.12,234,715,429
2026-08-16T15:01:02.295183+00:00,—ö“üŠ¯ƒ‰ƒCƒJ,https://www.dlsite.com/maniax/work/=/product_id/RJ01468362.html,RJ01468362,,855,1,1752,,4.17,117,990,594
2026-08-16T15:01:02.295183+00:00,NTR—c“éõ,https://www.dlsite.com/maniax/work/=/product_id/RJ01474148.html,RJ01474148,,1923,0,3436,2,4.16,273,990,594
2026-08-16T15:01:02.295183+00:00,“Á‘Î4”ÇƒJƒKƒŠƒƒC‚Ìö“ü‘{¸,https://www.dlsite.com/maniax/work/=/product_id/RJ01477080.html,RJ01477080,,969,1,1767,2,4.06,172,990,594
2026-08-16T15:01:02.295183+00:00,“û•‘º‚ÌˆúK,https://www.dlsite.com/maniax/work/=/product_id/RJ01503190.html,RJ01503190,,1094,1,2866,3,4.1,160,990,594
2026-08-16T15:01:02.295183+00:00,•ß‚ç‚í‚ê‚ÌƒZƒCƒ‰,https://www.dlsite.com/maniax/work/=/product_id/RJ01548560.html,RJ01548560,,3276,3,4844,2,4.08,353,935,561
2026-08-16T15:01:02.295183+00:00,V•Ä”ülOL‚ğ‰´ê—p‚Ìˆú——‚ÉI,https://www.dlsite.com/maniax/work/=/product_id/RJ01584326.html,RJ01584326,,3161,4,4107,,4.12,294,990,594
2026-08-16T15:01:02.295183+00:00,‚Ş‚Á‚Â‚èƒhƒXƒPƒxƒVƒXƒ^[ƒAƒŠƒA‚Æ”š“ûƒGƒbƒ`‚·‚éRPG,https://www.dlsite.com/maniax/work/=/product_id/RJ01630451.html,RJ01630451,,866,10,2637,2,3.86,70,715,429
2026-08-16T15:01:02.295183+00:00,––±“IƒƒCƒh‚ÍƒUƒR‚Ü‚ñ‚±,https://www.dlsite.com/maniax/work/=/product_id/RJ01643769.html,RJ01643769,,255,8,1477,,4.35,20,990,594
2026-08-16T15:01:02.295183+00:00,¶ˆÓ‹C‚È—c“éõ”Ş—‚ğˆ¤‚µ‚Ä‚í‚©‚ç‚¹‚éƒQ[ƒ€,https://www.dlsite.com/maniax/work/=/product_id/RJ01646553.html,RJ01646553,,164,4,796,,3.93,15,990,594
2026-08-16T15:01:02.295183+00:00,•P‹RmƒGƒCƒ‹‚Ì’²‹³’Eo,https://www.dlsite.com/maniax/work/=/product_id/RJ01650277.html,RJ01650277,,26,0,282,,,,715,429
2026-08-16T15:01:02.295183+00:00,‹Ö’f‚ÌQæ‚ç‚ê–Ú˜^,https://www.dlsite.com/maniax/work/=/product_id/RJ01669480.html,RJ01669480,,745,3,2092,1,3.97,62,1980,1188
2026-08-16T15:01:02.295183+00:00,—c“éõJD‚Æˆúêr‚ÌO’‹–é,https://www.dlsite.com/maniax/work/=/product_id/RJ01681092.html,RJ01681092,,185,4,1023,,3.36,11,1584,950
2026-08-17T15:01:02.232535+00:00,˜S–‚ÌƒAƒYƒn,https://www.dlsite.com/maniax/work/=/product_id/RJ01401063.html,RJ01401063,,1000,0,2003,1,4.03,173,715,429
2026-08-17T15:01:02.232535+00:00,‰õŠy‘Â‚¿ƒƒCƒh,https://www.dlsite.com/maniax/work/=/product_id/RJ01405134.html,RJ01405134,,1511,2,2666,2,3.97,235,715,429
2026-08-17T15:01:02.232535+00:00,”ülá—«—L—,https://www.dlsite.com/maniax/work/=/product_id/RJ01405145.html,RJ01405145,,268,0,841,1,4,50,715,429
2026-08-17T15:01:02.232535+00:00,–³C‚È­—‚ğ‰´D‚İ‚Éõ‚ß‚é‚Ü‚Å,https://www.dlsite.com/maniax/work/=/product_id/RJ01406775.html,RJ01406775,,2916,2,4609,2,3.85,459,715,429
2026-08-17T15:01:02.232535+00:00,•Ó‹«‘º‚Ìˆú—”š“ûƒVƒXƒ^[,https://www.dlsite.com/maniax/work/=/product_id/RJ01411103.html,RJ01411103,,1319,0,2828,2,4.12,234,715,429
2026-08-17T15:01:02.232535+00:00,—ö“üŠ¯ƒ‰ƒCƒJ,https://www.dlsite.com/maniax/work/=/product_id/RJ01468362.html,RJ01468362,,855,0,1755,,4.17,117,990,594
2026-08-17T15:01:02.232535+00:00,NTR—c“éõ,https://www.dlsite.com/maniax/work/=/product_id/RJ01474148.html,RJ01474148,,1923,0,3435,2,4.16,273,990,594
2026-08-17T15:01:02.232535+00:00,“Á‘Î4”ÇƒJƒKƒŠƒƒC‚Ìö“ü‘{¸,https://www.dlsite.com/maniax/work/=/product_id/RJ01477080.html,RJ01477080,,969,0,1767,2,4.06,172,990,594
2026-08-17T15:01:02.232535+00:00,“û•‘º‚ÌˆúK,https://www.dlsite.com/maniax/work/=/product_id/RJ01503190.html,RJ01503190,,1094,0,2865,3,4.1,160,990,594
2026-08-17T15:01:02.232535+00:00,•ß‚ç‚í‚ê‚ÌƒZƒCƒ‰,https://www.dlsite.com/maniax/work/=/product_id/RJ01548560.html,RJ01548560,,3279,3,4847,2,4.08,353,935,561
2026-08-17T15:01:02.232535+00:00,V•Ä”ülOL‚ğ‰´ê—p‚Ìˆú——‚ÉI,https://www.dlsite.com/maniax/work/=/product_id/RJ01584326.html,RJ01584326,,3163,2,4103,,4.12,294,990,594
2026-08-17T15:01:02.232535+00:00,‚Ş‚Á‚Â‚èƒhƒXƒPƒxƒVƒXƒ^[ƒAƒŠƒA‚Æ”š“ûƒGƒbƒ`‚·‚éRPG,https://www.dlsite.com/maniax/work/=/product_id/RJ01630451.html,RJ01630451,,870,4,2645,2,3.86,70,715,429
2026-08-17T15:01:02.232535+00:00,––±“IƒƒCƒh‚ÍƒUƒR‚Ü‚ñ‚±,https://www.dlsite.com/maniax/work/=/product_id/RJ01643769.html,RJ01643769,,261,6,1479,,4.35,20,990,594
2026-08-17T15:01:02.232535+00:00,¶ˆÓ‹C‚È—c“éõ”Ş—‚ğˆ¤‚µ‚Ä‚í‚©‚ç‚¹‚éƒQ[ƒ€,https://www.dlsite.com/maniax/work/=/product_id/RJ01646553.html,RJ01646553,,165,1,795,,3.93,15,990,594
2026-08-17T15:01:02.232535+00:00,•P‹RmƒGƒCƒ‹‚Ì’²‹³’Eo,https://www.dlsite.com/maniax/work/=/product_id/RJ01650277.html,RJ01650277,,26,0,282,,,,715,429
2026-08-17T15:01:02.232535+00:00,‹Ö’f‚ÌQæ‚ç‚ê–Ú˜^,https://www.dlsite.com/maniax/work/=/product_id/RJ01669480.html,RJ01669480,,748,3,2093,1,3.97,64,1980,1188
2026-08-17T15:01:02.232535+00:00,—c“éõJD‚Æˆúêr‚ÌO’‹–é,https://www.dlsite.com/maniax/work/=/product_id/RJ01681092.html,RJ01681092,,186,1,1025,,3.36,11,1584,950
2026-08-18T15:01:02.220240+00:00,˜S–‚ÌƒAƒYƒn,https://www.dlsite.com/maniax/work/=/product_id/RJ01401063.html,RJ01401063,,1000,0,2003,1,4.03,173,715,429
2026-08-18T15:01:02.220240+00:00,‰õŠy‘Â‚¿ƒƒCƒh,https://www.dlsite.com/maniax/work/=/product_id/RJ01405134.html,RJ01405134,,1511,0,2665,2,3.97,235,715,429
2026-08-18T15:01:02.220240+00:00,”ülá—«—L—,https://www.dlsite.com/maniax/work/=/product_id/RJ01405145.html,RJ01405145,,268,0,841,1,4,50,715,429
2026-08-18T15:01:02.220240+00:00,–³C‚È­—‚ğ‰´D‚İ‚Éõ‚ß‚é‚Ü‚Å,https://www.dlsite.com/maniax/work/=/product_id/RJ01406775.html,RJ01406775,,2918,2,4607,2,3.85,459,715,429
2026-08-18T15:01:02.220240+00:00,•Ó‹«‘º‚Ìˆú—”š“ûƒVƒXƒ^[,https://www.dlsite.com/maniax/work/=/product_id/RJ01411103.html,RJ01411103,,1319,0,2827,2,4.12,235,715,429
2026-08-18T15:01:02.220240+00:00,—ö“üŠ¯ƒ‰ƒCƒJ,https://www.dlsite.com/maniax/work/=/product_id/RJ01468362.html,RJ01468362,,855,0,1755,,4.16,118,990,594
2026-08-18T15:01:02.220240+00:00,NTR—c“éõ,https://www.dlsite.com/maniax/work/=/product_id/RJ01474148.html,RJ01474148,,1923,0,3434,2,4.16,273,990,594
2026-08-18T15:01:02.220240+00:00,“Á‘Î4”ÇƒJƒKƒŠƒƒC‚Ìö“ü‘{¸,https://www.dlsite.com/maniax/work/=/product_id/RJ01477080.html,RJ01477080,,969,0,1766,2,4.07,173,990,594
2026-08-18T15:01:02.220240+00:00,“û•‘º‚ÌˆúK,https://www.dlsite.com/maniax/work/=/product_id/RJ01503190.html,RJ01503190,,1094,0,2864,3,4.1,160,990,594
2026-08-18T15:01:02.220240+00:00,•ß‚ç‚í‚ê‚ÌƒZƒCƒ‰,https://www.dlsite.com/maniax/work/=/product_id/RJ01548560.html,RJ01548560,,3280,1,4849,2,4.08,353,935,561
2026-08-18T15:01:02.220240+00:00,V•Ä”ülOL‚ğ‰´ê—p‚Ìˆú——‚ÉI,https://www.dlsite.com/maniax/work/=/product_id/RJ01584326.html,RJ01584326,,3164,1,4102,,4.12,295,990,594
2026-08-18T15:01:02.220240+00:00,‚Ş‚Á‚Â‚èƒhƒXƒPƒxƒVƒXƒ^[ƒAƒŠƒA‚Æ”š“ûƒGƒbƒ`‚·‚éRPG,https://www.dlsite.com/maniax/work/=/product_id/RJ01630451.html,RJ01630451,,876,6,2650,2,3.86,70,715,429
2026-08-18T15:01:02.220240+00:00,––±“IƒƒCƒh‚ÍƒUƒR‚Ü‚ñ‚±,https://www.dlsite.com/maniax/work/=/product_id/RJ01643769.html,RJ01643769,,263,2,1478,,4.35,20,990,594
2026-08-18T15:01:02.220240+00:00,¶ˆÓ‹C‚È—c“éõ”Ş—‚ğˆ¤‚µ‚Ä‚í‚©‚ç‚¹‚éƒQ[ƒ€,https://www.dlsite.com/maniax/work/=/product_id/RJ01646553.html,RJ01646553,,167,2,794,,3.93,15,990,594
2026-08-18T15:01:02.220240+00:00,•P‹RmƒGƒCƒ‹‚Ì’²‹³’Eo,https://www.dlsite.com/maniax/work/=/product_id/RJ01650277.html,RJ01650277,,27,1,282,,,,715,429
2026-08-18T15:01:02.220240+00:00,‹Ö’f‚ÌQæ‚ç‚ê–Ú˜^,https://www.dlsite.com/maniax/work/=/product_id/RJ01669480.html,RJ01669480,,749,1,2096,1,3.97,64,1980,1188
2026-08-18T15:01:02.220240+00:00,—c“éõJD‚Æˆúêr‚ÌO’‹–é,https://www.dlsite.com/maniax/work/=/product_id/RJ01681092.html,RJ01681092,,186,0,1030,,3.36,11,1584,950
2026-08-19T15:01:02.208635+00:00,˜S–‚ÌƒAƒYƒn,https://www.dlsite.com/maniax/work/=/product_id/RJ01401063.html,RJ01401063,,1000,0,2003,1,4.03,173,715,429
2026-08-19T15:01:02.208635+00:00,‰õŠy‘Â‚¿ƒƒCƒh,https://www.dlsite.com/maniax/work/=/product_id/RJ01405134.html,RJ01405134,,1511,0,2665,2,3.97,235,715,429
2026-08-19T15:01:02.208635+00:00,”ülá—«—L—,https://www.dlsite.com/maniax/work/=/product_id/RJ01405145.html,RJ01405145,,268,0,841,1,4,50,715,429
2026-08-19T15:01:02.208635+00:00,–³C‚È­—‚ğ‰´D‚İ‚Éõ‚ß‚é‚Ü‚Å,https://www.dlsite.com/maniax/work/=/product_id/RJ01406775.html,RJ01406775,,2918,0,4607,2,3.85,459,715,429
2026-08-19T15:01:02.208635+00:00,•Ó‹«‘º‚Ìˆú—”š“ûƒVƒXƒ^[,https://www.dlsite.com/maniax/work/=/product_id/RJ01411103.html,RJ01411103,,1320,1,2826,2,4.12,235,715,429
2026-08-19T15:01:02.208635+00:00,—ö“üŠ¯ƒ‰ƒCƒJ,https://www.dlsite.com/maniax/work/=/product_id/RJ01468362.html,RJ01468362,,855,0,1755,,4.16,118,990,594
2026-08-19T15:01:02.208635+00:00,NTR—c“éõ,https://www.dlsite.com/maniax/work/=/product_id/RJ01474148.html,RJ01474148,,1923,0,3436,2,4.16,273,990,594
2026-08-19T15:01:02.208635+00:00,“Á‘Î4”ÇƒJƒKƒŠƒƒC‚Ìö“ü‘{¸,https://www.dlsite.com/maniax/work/=/product_id/RJ01477080.html,RJ01477080,,969,0,1766,2,4.07,173,990,594
2026-08-19T15:01:02.208635+00:00,“û•‘º‚ÌˆúK,https://www.dlsite.com/maniax/work/=/product_id/RJ01503190.html,RJ01503190,,1095,1,2864,3,4.1,160,990,594
2026-08-19T15:01:02.208635+00:00,•ß‚ç‚í‚ê‚ÌƒZƒCƒ‰,https://www.dlsite.com/maniax/work/=/product_id/RJ01548560.html,RJ01548560,,3280,0,4849,2,4.08,353,935,561
2026-08-19T15:01:02.208635+00:00,V•Ä”ülOL‚ğ‰´ê—p‚Ìˆú——‚ÉI,https://www.dlsite.com/maniax/work/=/product_id/RJ01584326.html,RJ01584326,,3164,0,4102,,4.12,295,990,594
2026-08-19T15:01:02.208635+00:00,‚Ş‚Á‚Â‚èƒhƒXƒPƒxƒVƒXƒ^[ƒAƒŠƒA‚Æ”š“ûƒGƒbƒ`‚·‚éRPG,https://www.dlsite.com/maniax/work/=/product_id/RJ01630451.html,RJ01630451,,880,4,2654,2,3.86,70,715,429
2026-08-19T15:01:02.208635+00:00,––±“IƒƒCƒh‚ÍƒUƒR‚Ü‚ñ‚±,https://www.dlsite.com/maniax/work/=/product_id/RJ01643769.html,RJ01643769,,267,4,1479,,4.33,21,990,594
2026-08-19T15:01:02.208635+00:00,¶ˆÓ‹C‚È—c“éõ”Ş—‚ğˆ¤‚µ‚Ä‚í‚©‚ç‚¹‚éƒQ[ƒ€,https://www.dlsite.com/maniax/work/=/product_id/RJ01646553.html,RJ01646553,,169,2,793,,3.93,15,990,594
2026-08-19T15:01:02.208635+00:00,•P‹RmƒGƒCƒ‹‚Ì’²‹³’Eo,https://www.dlsite.com/maniax/work/=/product_id/RJ01650277.html,RJ01650277,,27,0,283,,,,715,429
2026-08-19T15:01:02.208635+00:00,‹Ö’f‚ÌQæ‚ç‚ê–Ú˜^,https://www.dlsite.com/maniax/work/=/product_id/RJ01669480.html,RJ01669480,,754,5,2098,1,3.98,65,1980,1188
2026-08-19T15:01:02.208635+00:00,—c“éõJD‚Æˆúêr‚ÌO’‹–é,https://www.dlsite.com/maniax/work/=/product_id/RJ01681092.html,RJ01681092,,189,3,1030,,3.25,12,1584,950
2026-08-20T15:01:02.307156+00:00,˜S–‚ÌƒAƒYƒn,https://www.dlsite.com/maniax/work/=/product_id/RJ01401063.html,RJ01401063,,1000,0,2002,1,4.03,173,715,429
2026-08-20T15:01:02.307156+00:00,‰õŠy‘Â‚¿ƒƒCƒh,https://www.dlsite.com/maniax/work/=/product_id/RJ01405134.html,RJ01405134,,1511,0,2665,2,3.97,235,715,429
2026-08-20T15:01:02.307156+00:00,”ülá—«—L—,https://www.dlsite.com/maniax/work/=/product_id/RJ01405145.html,RJ01405145,,268,0,841,1,4,50,715,429
2026-08-20T15:01:02.307156+00:00,–³C‚È­—‚ğ‰´D‚İ‚Éõ‚ß‚é‚Ü‚Å,https://www.dlsite.com/maniax/work/=/product_id/RJ01406775.html,RJ01406775,,2921,3,4607,2,3.85,459,715,429
2026-08-20T15:01:02.307156+00:00,•Ó‹«‘º‚Ìˆú—”š“ûƒVƒXƒ^[,https://www.dlsite.com/maniax/work/=/product_id/RJ01411103.html,RJ01411103,,1320,0,2826,2,4.12,235,715,429
2026-08-20T15:01:02.307156+00:00,—ö“üŠ¯ƒ‰ƒCƒJ,https://www.dlsite.com/maniax/work/=/product_id/RJ01468362.html,RJ01468362,,855,0,1755,,4.16,118,990,594
2026-08-20T15:01:02.307156+00:00,NTR—c“éõ,https://www.dlsite.com/maniax/work/=/product_id/RJ01474148.html,RJ01474148,,1923,0,3436,2,4.16,273,990,594
2026-08-20T15:01:02.307156+00:00,“Á‘Î4”ÇƒJƒKƒŠƒƒC‚Ìö“ü‘{¸,https://www.dlsite.com/maniax/work/=/product_id/RJ01477080.html,RJ01477080,,969,0,1766,2,4.07,173,990,594
2026-08-20T15:01:02.307156+00:00,“û•‘º‚ÌˆúK,https://www.dlsite.com/maniax/work/=/product_id/RJ01503190.html,RJ01503190,,1095,0,2861,3,4.1,160,990,594
2026-08-20T15:01:02.307156+00:00,•ß‚ç‚í‚ê‚ÌƒZƒCƒ‰,https://www.dlsite.com/maniax/work/=/product_id/RJ01548560.html,RJ01548560,,3282,2,4849,2,4.08,353,935,561
2026-08-20T15:01:02.307156+00:00,V•Ä”ülOL‚ğ‰´ê—p‚Ìˆú——‚ÉI,https://www.dlsite.com/maniax/work/=/product_id/RJ01584326.html,RJ01584326,,3165,1,4103,,4.12,295,990,594
2026-08-20T15:01:02.307156+00:00,‚Ş‚Á‚Â‚èƒhƒXƒPƒxƒVƒXƒ^[ƒAƒŠƒA‚Æ”š“ûƒGƒbƒ`‚·‚éRPG,https://www.dlsite.com/maniax/work/=/product_id/RJ01630451.html,RJ01630451,,885,5,2657,2,3.87,71,715,429
2026-08-20T15:01:02.307156+00:00,––±“IƒƒCƒh‚ÍƒUƒR‚Ü‚ñ‚±,https://www.dlsite.com/maniax/work/=/product_id/RJ01643769.html,RJ01643769,,271,4,1482,,4.32,22,990,594
2026-08-20T15:01:02.307156+00:00,¶ˆÓ‹C‚È—c“éõ”Ş—‚ğˆ¤‚µ‚Ä‚í‚©‚ç‚¹‚éƒQ[ƒ€,https://www.dlsite.com/maniax/work/=/product_id/RJ01646553.html,RJ01646553,,173,4,796,,3.93,15,990,594
2026-08-20T15:01:02.307156+00:00,•P‹RmƒGƒCƒ‹‚Ì’²‹³’Eo,https://www.dlsite.com/maniax/work/=/product_id/RJ01650277.html,RJ01650277,,28,1,284,,,,715,429
2026-08-20T15:01:02.307156+00:00,‹Ö’f‚ÌQæ‚ç‚ê–Ú˜^,https://www.dlsite.com/maniax/work/=/product_id/RJ01669480.html,RJ01669480,,756,2,2101,1,3.98,65,1980,1188
2026-08-20T15:01:02.307156+00:00,—c“éõJD‚Æˆúêr‚ÌO’‹–é,https://www.dlsite.com/maniax/work/=/product_id/RJ01681092.html,RJ01681092,,190,1,1037,,3.25,12,1584,950
2026-08-21T15:01:02.296723+00:00,˜S–‚ÌƒAƒYƒn,https://www.dlsite.com/maniax/work/=/product_id/RJ01401063.html,RJ01401063,,1001,1,2002,1,4.03,173,715,429
2026-08-21T15:01:02.296723+00:00,‰õŠy‘Â‚¿ƒƒCƒh,https://www.dlsite.com/maniax/work/=/product_id/RJ01405134.html,RJ01405134,,1511,0,2665,2,3.97,235,715,429
2026-08-21T15:01:02.296723+00:00,”ülá—«—L—,https://www.dlsite.com/maniax/work/=/product_id/RJ01405145.html,RJ01405145,,268,0,841,1,4,50,715,429
2026-08-21T15:01:02.296723+00:00,–³C‚È­—‚ğ‰´D‚İ‚Éõ‚ß‚é‚Ü‚Å,https://www.dlsite.com/maniax/work/=/product_id/RJ01406775.html,RJ01406775,,2922,1,4607,2,3.85,459,715,429
2026-08-21T15:01:02.296723+00:00,•Ó‹«‘º‚Ìˆú—”š“ûƒVƒXƒ^[,https://www.dlsite.com/maniax/work/=/product_id/RJ01411103.html,RJ01411103,,1320,0,2825,2,4.12,235,715,429
2026-08-21T15:01:02.296723+00:00,—ö“üŠ¯ƒ‰ƒCƒJ,https://www.dlsite.com/maniax/work/=/product_id/RJ01468362.html,RJ01468362,,855,0,1754,,4.16,118,990,594
2026-08-21T15:01:02.296723+00:00,NTR—c“éõ,https://www.dlsite.com/maniax/work/=/product_id/RJ01474148.html,RJ01474148,,1924,1,3437,2,4.16,273,990,594
2026-08-21T15:01:02.296723+00:00,“Á‘Î4”ÇƒJƒKƒŠƒƒC‚Ìö“ü‘{¸,https://www.dlsite.com/maniax/work/=/product_id/RJ01477080.html,RJ01477080,,969,0,1766,2,4.07,173,990,594
2026-08-21T15:01:02.296723+00:00,“û•‘º‚ÌˆúK,https://www.dlsite.com/maniax/work/=/product_id/RJ01503190.html,RJ01503190,,1097,2,2861,3,4.1,160,990,594
2026-08-21T15:01:02.296723+00:00,•ß‚ç‚í‚ê‚ÌƒZƒCƒ‰,https://www.dlsite.com/maniax/work/=/product_id/RJ01548560.html,RJ01548560,,3284,2,4854,2,4.08,353,935,561
2026-08-21T15:01:02.296723+00:00,V•Ä”ülOL‚ğ‰´ê—p‚Ìˆú——‚ÉI,https://www.dlsite.com/maniax/work/=/product_id/RJ01584326.html,RJ01584326,,3165,0,4103,,4.12,295,990,594
2026-08-21T15:01:02.296723+00:00,‚Ş‚Á‚Â‚èƒhƒXƒPƒxƒVƒXƒ^[ƒAƒŠƒA‚Æ”š“ûƒGƒbƒ`‚·‚éRPG,https://www.dlsite.com/maniax/work/=/product_id/RJ01630451.html,RJ01630451,,891,6,2660,2,3.89,72,715,429
2026-08-21T15:01:02.296723+00:00,––±“IƒƒCƒh‚ÍƒUƒR‚Ü‚ñ‚±,https://www.dlsite.com/maniax/work/=/product_id/RJ01643769.html,RJ01643769,,275,4,1488,,4.32,22,990,594
2026-08-21T15:01:02.296723+00:00,¶ˆÓ‹C‚È—c“éõ”Ş—‚ğˆ¤‚µ‚Ä‚í‚©‚ç‚¹‚éƒQ[ƒ€,https://www.dlsite.com/maniax/work/=/product_id/RJ01646553.html,RJ01646553,,176,3,796,,3.93,15,990,594
2026-08-21T15:01:02.296723+00:00,•P‹RmƒGƒCƒ‹‚Ì’²‹³’Eo,https://www.dlsite.com/maniax/work/=/product_id/RJ01650277.html,RJ01650277,,28,0,283,,,,715,429
2026-08-21T15:01:02.296723+00:00,‹Ö’f‚ÌQæ‚ç‚ê–Ú˜^,https://www.dlsite.com/maniax/work/=/product_id/RJ01669480.html,RJ01669480,,758,2,2099,1,3.98,65,1980,1188
2026-08-21T15:01:02.296723+00:00,—c“éõJD‚Æˆúêr‚ÌO’‹–é,https://www.dlsite.com/maniax/work/=/product_id/RJ01681092.html,RJ01681092,,192,2,1042,,3.38,13,1584,950
2026-08-22T15:01:02.378405+00:00,˜S–‚ÌƒAƒYƒn,https://www.dlsite.com/maniax/work/=/product_id/RJ01401063.html,RJ01401063,,1001,0,2002,1,4.03,173,715,429
2026-08-22T15:01:02.378405+00:00,‰õŠy‘Â‚¿ƒƒCƒh,https://www.dlsite.com/maniax/work/=/product_id/RJ01405134.html,RJ01405134,,1511,0,2665,2,3.97,235,715,429
2026-08-22T15:01:02.378405+00:00,”ülá—«—L—,https://www.dlsite.com/maniax/work/=/product_id/RJ01405145.html,RJ01405145,,268,0,841,1,4.02,51,715,429
2026-08-22T15:01:02.378405+00:00,–³C‚È­—‚ğ‰´D‚İ‚Éõ‚ß‚é‚Ü‚Å,https://www.dlsite.com/maniax/work/=/product_id/RJ01406775.html,RJ01406775,,2926,4,4609,2,3.85,459,715,429
2026-08-22T15:01:02.378405+00:00,•Ó‹«‘º‚Ìˆú—”š“ûƒVƒXƒ^[,https://www.dlsite.com/maniax/work/=/product_id/RJ01411103.html,RJ01411103,,1320,0,2826,2,4.12,235,715,429
2026-08-22T15:01:02.378405+00:00,—ö“üŠ¯ƒ‰ƒCƒJ,https://www.dlsite.com/maniax/work/=/product_id/RJ01468362.html,RJ01468362,,856,1,1754,,4.16,118,990,594
2026-08-22T15:01:02.378405+00:00,NTR—c“éõ,https://www.dlsite.com/maniax/work/=/product_id/RJ01474148.html,RJ01474148,,1926,2,3438,2,4.16,273,990,594
2026-08-22T15:01:02.378405+00:00,“Á‘Î4”ÇƒJƒKƒŠƒƒC‚Ìö“ü‘{¸,https://www.dlsite.com/maniax/work/=/product_id/RJ01477080.html,RJ01477080,,971,2,1766,2,4.07,174,990,594
2026-08-22T15:01:02.378405+00:00,“û•‘º‚ÌˆúK,https://www.dlsite.com/maniax/work/=/product_id/RJ01503190.html,RJ01503190,,1097,0,2860,3,4.1,160,990,594
2026-08-22T15:01:02.378405+00:00,•ß‚ç‚í‚ê‚ÌƒZƒCƒ‰,https://www.dlsite.com/maniax/work/=/product_id/RJ01548560.html,RJ01548560,,3285,1,4851,2,4.08,353,935,561
2026-08-22T15:01:02.378405+00:00,V•Ä”ülOL‚ğ‰´ê—p‚Ìˆú——‚ÉI,https://www.dlsite.com/maniax/work/=/product_id/RJ01584326.html,RJ01584326,,3166,1,4106,,4.12,297,990,594
2026-08-22T15:01:02.378405+00:00,‚Ş‚Á‚Â‚èƒhƒXƒPƒxƒVƒXƒ^[ƒAƒŠƒA‚Æ”š“ûƒGƒbƒ`‚·‚éRPG,https://www.dlsite.com/maniax/work/=/product_id/RJ01630451.html,RJ01630451,,894,3,2663,2,3.89,72,715,429
2026-08-22T15:01:02.378405+00:00,––±“IƒƒCƒh‚ÍƒUƒR‚Ü‚ñ‚±,https://www.dlsite.com/maniax/work/=/product_id/RJ01643769.html,RJ01643769,,281,6,1496,,4.32,22,990,594
2026-08-22T15:01:02.378405+00:00,¶ˆÓ‹C‚È—c“éõ”Ş—‚ğˆ¤‚µ‚Ä‚í‚©‚ç‚¹‚éƒQ[ƒ€,https://www.dlsite.com/maniax/work/=/product_id/RJ01646553.html,RJ01646553,,178,2,797,,3.93,15,990,594
2026-08-22T15:01:02.378405+00:00,•P‹RmƒGƒCƒ‹‚Ì’²‹³’Eo,https://www.dlsite.com/maniax/work/=/product_id/RJ01650277.html,RJ01650277,,28,0,282,,,,715,429
2026-08-22T15:01:02.378405+00:00,‹Ö’f‚ÌQæ‚ç‚ê–Ú˜^,https://www.dlsite.com/maniax/work/=/product_id/RJ01669480.html,RJ01669480,,761,3,2100,1,3.98,65,1980,1188
2026-08-22T15:01:02.378405+00:00,—c“éõJD‚Æˆúêr‚ÌO’‹–é,https://www.dlsite.com/maniax/work/=/product_id/RJ01681092.html,RJ01681092,,198,6,1048,,3.43,14,1584,950
2026-08-23T15:01:02.209212+00:00,˜S–‚ÌƒAƒYƒn,https://www.dlsite.com/maniax/work/=/product_id/RJ01401063.html,RJ01401063,,1001,0,2003,1,4.03,173,715,429
2026-08-23T15:01:02.209212+00:00,‰õŠy‘Â‚¿ƒƒCƒh,https://www.dlsite.com/maniax/work/=/product_id/RJ01405134.html,RJ01405134,,1512,1,2665,2,3.97,235,715,429
2026-08-23T15:01:02.209212+00:00,”ülá—«—L—,https://www.dlsite.com/maniax/work/=/product_id/RJ01405145.html,RJ01405145,,268,0,841,1,4.02,51,715,429
2026-08-23T15:01:02.209212+00:00,–³C‚È­—‚ğ‰´D‚İ‚Éõ‚ß‚é‚Ü‚Å,https://www.dlsite.com/maniax/work/=/product_id/RJ01406775.html,RJ01406775,,2929,3,4608,2,3.85,459,715,429
2026-08-23T15:01:02.209212+00:00,•Ó‹«‘º‚Ìˆú—”š“ûƒVƒXƒ^[,https://www.dlsite.com/maniax/work/=/product_id/RJ01411103.html,RJ01411103,,1321,1,2826,2,4.12,235,715,429
2026-08-23T15:01:02.209212+00:00,—ö“üŠ¯ƒ‰ƒCƒJ,https://www.dlsite.com/maniax/work/=/product_id/RJ01468362.html,RJ01468362,,856,0,1754,,4.16,118,990,594
2026-08-23T15:01:02.209212+00:00,NTR—c“éõ,https://www.dlsite.com/maniax/work/=/product_id/RJ01474148.html,RJ01474148,,1927,1,3439,2,4.16,273,990,594
2026-08-23T15:01:02.209212+00:00,“Á‘Î4”ÇƒJƒKƒŠƒƒC‚Ìö“ü‘{¸,https://www.dlsite.com/maniax/work/=/product_id/RJ01477080.html,RJ01477080,,971,0,1765,2,4.07,174,990,594
2026-08-23T15:01:02.209212+00:00,“û•‘º‚ÌˆúK,https://www.dlsite.com/maniax/work/=/product_id/RJ01503190.html,RJ01503190,,1097,0,2860,3,4.1,160,990,594
2026-08-23T15:01:02.209212+00:00,•ß‚ç‚í‚ê‚ÌƒZƒCƒ‰,https://www.dlsite.com/maniax/work/=/product_id/RJ01548560.html,RJ01548560,,3288,3,4859,2,4.08,354,935,561
2026-08-23T15:01:02.209212+00:00,V•Ä”ülOL‚ğ‰´ê—p‚Ìˆú——‚ÉI,https://www.dlsite.com/maniax/work/=/product_id/RJ01584326.html,RJ01584326,,3168,2,4107,,4.12,297,990,594
2026-08-23T15:01:02.209212+00:00,‚Ş‚Á‚Â‚èƒhƒXƒPƒxƒVƒXƒ^[ƒAƒŠƒA‚Æ”š“ûƒGƒbƒ`‚·‚éRPG,https://www.dlsite.com/maniax/work/=/product_id/RJ01630451.html,RJ01630451,,897,3,2672,2,3.89,72,715,429
2026-08-23T15:01:02.209212+00:00,––±“IƒƒCƒh‚ÍƒUƒR‚Ü‚ñ‚±,https://www.dlsite.com/maniax/work/=/product_id/RJ01643769.html,RJ01643769,,292,11,1504,,4.29,24,990,594
2026-08-23T15:01:02.209212+00:00,¶ˆÓ‹C‚È—c“éõ”Ş—‚ğˆ¤‚µ‚Ä‚í‚©‚ç‚¹‚éƒQ[ƒ€,https://www.dlsite.com/maniax/work/=/product_id/RJ01646553.html,RJ01646553,,183,5,800,,3.93,15,990,594
2026-08-23T15:01:02.209212+00:00,•P‹RmƒGƒCƒ‹‚Ì’²‹³’Eo,https://www.dlsite.com/maniax/work/=/product_id/RJ01650277.html,RJ01650277,,28,0,282,,,,715,429
2026-08-23T15:01:02.209212+00:00,‹Ö’f‚ÌQæ‚ç‚ê–Ú˜^,https://www.dlsite.com/maniax/work/=/product_id/RJ01669480.html,RJ01669480,,762,1,2104,1,3.98,65,1980,1188
2026-08-23T15:01:02.209212+00:00,—c“éõJD‚Æˆúêr‚ÌO’‹–é,https://www.dlsite.com/maniax/work/=/product_id/RJ01681092.html,RJ01681092,,199,1,1061,,3.27,15,1584,950
2026-08-24T15:01:02.280955+00:00,˜S–‚ÌƒAƒYƒn,https://www.dlsite.com/maniax/work/=/product_id/RJ01401063.html,RJ01401063,,1001,0,2003,1,4.03,173,715,429
2026-08-24T15:01:02.280955+00:00,‰õŠy‘Â‚¿ƒƒCƒh,https://www.dlsite.com/maniax/work/=/product_id/RJ01405134.html,RJ01405134,,1512,0,2665,2,3.97,235,715,429
2026-08-24T15:01:02.280955+00:00,”ülá—«—L—,https://www.dlsite.com/maniax/work/=/product_id/RJ01405145.html,RJ01405145,,268,0,841,1,4.02,51,715,429
2026-08-24T15:01:02.280955+00:00,–³C‚È­—‚ğ‰´D‚İ‚Éõ‚ß‚é‚Ü‚Å,https://www.dlsite.com/maniax/work/=/product_id/RJ01406775.html,RJ01406775,,2932,3,4609,2,3.85,459,715,429
2026-08-24T15:01:02.280955+00:00,•Ó‹«‘º‚Ìˆú—”š“ûƒVƒXƒ^[,https://www.dlsite.com/maniax/work/=/product_id/RJ01411103.html,RJ01411103,,1321,0,2825,2,4.12,235,715,429
2026-08-24T15:01:02.280955+00:00,—ö“üŠ¯ƒ‰ƒCƒJ,https://www.dlsite.com/maniax/work/=/product_id/RJ01468362.html,RJ01468362,,856,0,1754,,4.16,118,990,594
2026-08-24T15:01:02.280955+00:00,NTR—c“éõ,https://www.dlsite.com/maniax/work/=/product_id/RJ01474148.html,RJ01474148,,1928,1,3441,2,4.16,273,990,594
2026-08-24T15:01:02.280955+00:00,“Á‘Î4”ÇƒJƒKƒŠƒƒC‚Ìö“ü‘{¸,https://www.dlsite.com/maniax/work/=/product_id/RJ01477080.html,RJ01477080,,972,1,1765,2,4.07,174,990,594
2026-08-24T15:01:02.280955+00:00,“û•‘º‚ÌˆúK,https://www.dlsite.com/maniax/work/=/product_id/RJ01503190.html,RJ01503190,,1097,0,2862,3,4.1,160,990,594
2026-08-24T15:01:02.280955+00:00,•ß‚ç‚í‚ê‚ÌƒZƒCƒ‰,https://www.dlsite.com/maniax/work/=/product_id/RJ01548560.html,RJ01548560,,3295,7,4863,2,4.08,354,935,561
2026-08-24T15:01:02.280955+00:00,V•Ä”ülOL‚ğ‰´ê—p‚Ìˆú——‚ÉI,https://www.dlsite.com/maniax/work/=/product_id/RJ01584326.html,RJ01584326,,3169,1,4108,,4.12,298,990,594
2026-08-24T15:01:02.280955+00:00,‚Ş‚Á‚Â‚èƒhƒXƒPƒxƒVƒXƒ^[ƒAƒŠƒA‚Æ”š“ûƒGƒbƒ`‚·‚éRPG,https://www.dlsite.com/maniax/work/=/product_id/RJ01630451.html,RJ01630451,,902,5,2675,2,3.9,73,715,429
2026-08-24T15:01:02.280955+00:00,––±“IƒƒCƒh‚ÍƒUƒR‚Ü‚ñ‚±,https://www.dlsite.com/maniax/work/=/product_id/RJ01643769.html,RJ01643769,,300,8,1509,,4.32,25,990,594
2026-08-24T15:01:02.280955+00:00,¶ˆÓ‹C‚È—c“éõ”Ş—‚ğˆ¤‚µ‚Ä‚í‚©‚ç‚¹‚éƒQ[ƒ€,https://www.dlsite.com/maniax/work/=/product_id/RJ01646553.html,RJ01646553,,186,3,800,,3.93,15,990,594
2026-08-24T15:01:02.280955+00:00,•P‹RmƒGƒCƒ‹‚Ì’²‹³’Eo,https://www.dlsite.com/maniax/work/=/product_id/RJ01650277.html,RJ01650277,,28,0,281,,,,715,429
2026-08-24T15:01:02.280955+00:00,‹Ö’f‚ÌQæ‚ç‚ê–Ú˜^,https://www.dlsite.com/maniax/work/=/product_id/RJ01669480.html,RJ01669480,,762,0,2109,1,3.98,65,1980,1188
2026-08-24T15:01:02.280955+00:00,—c“éõJD‚Æˆúêr‚ÌO’‹–é,https://www.dlsite.com/maniax/work/=/product_id/RJ01681092.html,RJ01681092,,203,4,1067,,3.27,15,1584,950
2026-08-25T15:01:02.282695+00:00,˜S–‚ÌƒAƒYƒn,https://www.dlsite.com/maniax/work/=/product_id/RJ01401063.html,RJ01401063,,1002,1,2003,1,4.03,173,715,429
2026-08-25T15:01:02.282695+00:00,‰õŠy‘Â‚¿ƒƒCƒh,https://www.dlsite.com/maniax/work/=/product_id/RJ01405134.html,RJ01405134,,1512,0,2666,2,3.97,235,715,429
2026-08-25T15:01:02.282695+00:00,”ülá—«—L—,https://www.dlsite.com/maniax/work/=/product_id/RJ01405145.html,RJ01405145,,268,0,841,1,4.02,51,715,429
2026-08-25T15:01:02.282695+00:00,–³C‚È­—‚ğ‰´D‚İ‚Éõ‚ß‚é‚Ü‚Å,https://www.dlsite.com/maniax/work/=/product_id/RJ01406775.html,RJ01406775,,2935,3,4611,2,3.85,459,715,429
2026-08-25T15:01:02.282695+00:00,•Ó‹«‘º‚Ìˆú—”š“ûƒVƒXƒ^[,https://www.dlsite.com/maniax/work/=/product_id/RJ01411103.html,RJ01411103,,1321,0,2826,2,4.12,235,715,429
2026-08-25T15:01:02.282695+00:00,—ö“üŠ¯ƒ‰ƒCƒJ,https://www.dlsite.com/maniax/work/=/product_id/RJ01468362.html,RJ01468362,,856,0,1755,,4.16,118,990,594
2026-08-25T15:01:02.282695+00:00,NTR—c“éõ,https://www.dlsite.com/maniax/work/=/product_id/RJ01474148.html,RJ01474148,,1928,0,3441,2,4.15,274,990,594
2026-08-25T15:01:02.282695+00:00,“Á‘Î4”ÇƒJƒKƒŠƒƒC‚Ìö“ü‘{¸,https://www.dlsite.com/maniax/work/=/product_id/RJ01477080.html,RJ01477080,,972,0,1766,2,4.07,174,990,594
2026-08-25T15:01:02.282695+00:00,“û•‘º‚ÌˆúK,https://www.dlsite.com/maniax/work/=/product_id/RJ01503190.html,RJ01503190,,1098,1,2862,3,4.1,161,990,594
2026-08-25T15:01:02.282695+00:00,•ß‚ç‚í‚ê‚ÌƒZƒCƒ‰,https://www.dlsite.com/maniax/work/=/product_id/RJ01548560.html,RJ01548560,,3301,6,4862,2,4.08,354,935,561
2026-08-25T15:01:02.282695+00:00,V•Ä”ülOL‚ğ‰´ê—p‚Ìˆú——‚ÉI,https://www.dlsite.com/maniax/work/=/product_id/RJ01584326.html,RJ01584326,,3170,1,4108,,4.12,299,990,594
2026-08-25T15:01:02.282695+00:00,‚Ş‚Á‚Â‚èƒhƒXƒPƒxƒVƒXƒ^[ƒAƒŠƒA‚Æ”š“ûƒGƒbƒ`‚·‚éRPG,https://www.dlsite.com/maniax/work/=/product_id/RJ01630451.html,RJ01630451,,906,4,2674,2,3.9,73,715,429
2026-08-25T15:01:02.282695+00:00,––±“IƒƒCƒh‚ÍƒUƒR‚Ü‚ñ‚±,https://www.dlsite.com/maniax/work/=/product_id/RJ01643769.html,RJ01643769,,309,9,1520,,4.32,25,990,594
2026-08-25T15:01:02.282695+00:00,¶ˆÓ‹C‚È—c“éõ”Ş—‚ğˆ¤‚µ‚Ä‚í‚©‚ç‚¹‚éƒQ[ƒ€,https://www.dlsite.com/maniax/work/=/product_id/RJ01646553.html,RJ01646553,,187,1,801,,3.93,15,990,594
2026-08-25T15:01:02.282695+00:00,•P‹RmƒGƒCƒ‹‚Ì’²‹³’Eo,https://www.dlsite.com/maniax/work/=/product_id/RJ01650277.html,RJ01650277,,28,0,281,,,,715,429
2026-08-25T15:01:02.282695+00:00,‹Ö’f‚ÌQæ‚ç‚ê–Ú˜^,https://www.dlsite.com/maniax/work/=/product_id/RJ01669480.html,RJ01669480,,763,1,2109,1,3.98,66,1980,1188
2026-08-25T15:01:02.282695+00:00,—c“éõJD‚Æˆúêr‚ÌO’‹–é,https://www.dlsite.com/maniax/work/=/product_id/RJ01681092.html,RJ01681092,,206,3,1070,,3.27,15,1584,950
2026-08-26T15:01:02.251111+00:00,˜S–‚ÌƒAƒYƒn,https://www.dlsite.com/maniax/work/=/product_id/RJ01401063.html,RJ01401063,,1002,0,2003,1,4.03,173,715,429
2026-08-26T15:01:02.251111+00:00,‰õŠy‘Â‚¿ƒƒCƒh,https://www.dlsite.com/maniax/work/=/product_id/RJ01405134.html,RJ01405134,,1512,0,2666,2,3.97,235,715,429
2026-08-26T15:01:02.251111+00:00,”ülá—«—L—,https://www.dlsite.com/maniax/work/=/product_id/RJ01405145.html,RJ01405145,,268,0,841,1,4.02,51,715,429
2026-08-26T15:01:02.251111+00:00,–³C‚È­—‚ğ‰´D‚İ‚Éõ‚ß‚é‚Ü‚Å,https://www.dlsite.com/maniax/work/=/product_id/RJ01406775.html,RJ01406775,,2937,2,4615,2,3.85,459,715,429
2026-08-26T15:01:02.251111+00:00,•Ó‹«‘º‚Ìˆú—”š“ûƒVƒXƒ^[,https://www.dlsite.com/maniax/work/=/product_id/RJ01411103.html,RJ01411103,,1321,0,2826,2,4.12,235,715,429
2026-08-26T15:01:02.251111+00:00,—ö“üŠ¯ƒ‰ƒCƒJ,https://www.dlsite.com/maniax/work/=/product_id/RJ01468362.html,RJ01468362,,856,0,1755,,4.16,118,990,594
2026-08-26T15:01:02.251111+00:00,NTR—c“éõ,https://www.dlsite.com/maniax/work/=/product_id/RJ01474148.html,RJ01474148,,1929,1,3443,2,4.15,274,990,594
2026-08-26T15:01:02.251111+00:00,“Á‘Î4”ÇƒJƒKƒŠƒƒC‚Ìö“ü‘{¸,https://www.dlsite.com/maniax/work/=/product_id/RJ01477080.html,RJ01477080,,972,0,1766,2,4.07,174,990,594
2026-08-26T15:01:02.251111+00:00,“û•‘º‚ÌˆúK,https://www.dlsite.com/maniax/work/=/product_id/RJ01503190.html,RJ01503190,,1098,0,2863,3,4.1,161,990,594
2026-08-26T15:01:02.251111+00:00,•ß‚ç‚í‚ê‚ÌƒZƒCƒ‰,https://www.dlsite.com/maniax/work/=/product_id/RJ01548560.html,RJ01548560,,3303,2,4859,2,4.08,354,935,561
2026-08-26T15:01:02.251111+00:00,V•Ä”ülOL‚ğ‰´ê—p‚Ìˆú——‚ÉI,https://www.dlsite.com/maniax/work/=/product_id/RJ01584326.html,RJ01584326,,3172,2,4108,,4.12,300,990,594
2026-08-26T15:01:02.251111+00:00,‚Ş‚Á‚Â‚èƒhƒXƒPƒxƒVƒXƒ^[ƒAƒŠƒA‚Æ”š“ûƒGƒbƒ`‚·‚éRPG,https://www.dlsite.com/maniax/work/=/product_id/RJ01630451.html,RJ01630451,,910,4,2681,2,3.9,73,715,429
2026-08-26T15:01:02.251111+00:00,––±“IƒƒCƒh‚ÍƒUƒR‚Ü‚ñ‚±,https://www.dlsite.com/maniax/work/=/product_id/RJ01643769.html,RJ01643769,,320,11,1528,,4.32,25,990,594
2026-08-26T15:01:02.251111+00:00,¶ˆÓ‹C‚È—c“éõ”Ş—‚ğˆ¤‚µ‚Ä‚í‚©‚ç‚¹‚éƒQ[ƒ€,https://www.dlsite.com/maniax/work/=/product_id/RJ01646553.html,RJ01646553,,187,0,801,,3.82,17,990,594
2026-08-26T15:01:02.251111+00:00,•P‹RmƒGƒCƒ‹‚Ì’²‹³’Eo,https://www.dlsite.com/maniax/work/=/product_id/RJ01650277.html,RJ01650277,,28,0,281,,,,715,429
2026-08-26T15:01:02.251111+00:00,‹Ö’f‚ÌQæ‚ç‚ê–Ú˜^,https://www.dlsite.com/maniax/work/=/product_id/RJ01669480.html,RJ01669480,,765,2,2111,1,3.98,66,1980,1188
2026-08-26T15:01:02.251111+00:00,—c“éõJD‚Æˆúêr‚ÌO’‹–é,https://www.dlsite.com/maniax/work/=/product_id/RJ01681092.html,RJ01681092,,208,2,1070,,3.27,15,1584,950
2026-08-27T15:01:02.376456+00:00,˜S–‚ÌƒAƒYƒn,https://www.dlsite.com/maniax/work/=/product_id/RJ01401063.html,RJ01401063,,1002,0,2003,1,4.03,173,715,429
2026-08-27T15:01:02.376456+00:00,‰õŠy‘Â‚¿ƒƒCƒh,https://www.dlsite.com/maniax/work/=/product_id/RJ01405134.html,RJ01405134,,1512,0,2666,2,3.97,235,715,429
2026-08-27T15:01:02.376456+00:00,”ülá—«—L—,https://www.dlsite.com/maniax/work/=/product_id/RJ01405145.html,RJ01405145,,268,0,841,1,4.02,51,715,429
2026-08-27T15:01:02.376456+00:00,–³C‚È­—‚ğ‰´D‚İ‚Éõ‚ß‚é‚Ü‚Å,https://www.dlsite.com/maniax/work/=/product_id/RJ01406775.html,RJ01406775,,2938,1,4618,2,3.85,459,715,429
2026-08-27T15:01:02.376456+00:00,•Ó‹«‘º‚Ìˆú—”š“ûƒVƒXƒ^[,https://www.dlsite.com/maniax/work/=/product_id/RJ01411103.html,RJ01411103,,1321,0,2825,2,4.12,235,715,429
2026-08-27T15:01:02.376456+00:00,—ö“üŠ¯ƒ‰ƒCƒJ,https://www.dlsite.com/maniax/work/=/product_id/RJ01468362.html,RJ01468362,,856,0,1755,,4.16,118,990,594
2026-08-27T15:01:02.376456+00:00,NTR—c“éõ,https://www.dlsite.com/maniax/work/=/product_id/RJ01474148.html,RJ01474148,,1929,0,3443,2,4.15,274,990,594
2026-08-27T15:01:02.376456+00:00,“Á‘Î4”ÇƒJƒKƒŠƒƒC‚Ìö“ü‘{¸,https://www.dlsite.com/maniax/work/=/product_id/RJ01477080.html,RJ01477080,,972,0,1766,2,4.07,174,990,594
2026-08-27T15:01:02.376456+00:00,“û•‘º‚ÌˆúK,https://www.dlsite.com/maniax/work/=/product_id/RJ01503190.html,RJ01503190,,1098,0,2863,3,4.1,161,990,594
2026-08-27T15:01:02.376456+00:00,•ß‚ç‚í‚ê‚ÌƒZƒCƒ‰,https://www.dlsite.com/maniax/work/=/product_id/RJ01548560.html,RJ01548560,,3309,6,4862,2,4.08,354,935,561
2026-08-27T15:01:02.376456+00:00,V•Ä”ülOL‚ğ‰´ê—p‚Ìˆú——‚ÉI,https://www.dlsite.com/maniax/work/=/product_id/RJ01584326.html,RJ01584326,,3174,2,4110,,4.12,301,990,594
2026-08-27T15:01:02.376456+00:00,‚Ş‚Á‚Â‚èƒhƒXƒPƒxƒVƒXƒ^[ƒAƒŠƒA‚Æ”š“ûƒGƒbƒ`‚·‚éRPG,https://www.dlsite.com/maniax/work/=/product_id/RJ01630451.html,RJ01630451,,913,3,2683,2,3.89,74,715,429
2026-08-27T15:01:02.376456+00:00,––±“IƒƒCƒh‚ÍƒUƒR‚Ü‚ñ‚±,https://www.dlsite.com/maniax/work/=/product_id/RJ01643769.html,RJ01643769,,321,1,1538,,4.32,25,990,594
2026-08-27T15:01:02.376456+00:00,¶ˆÓ‹C‚È—c“éõ”Ş—‚ğˆ¤‚µ‚Ä‚í‚©‚ç‚¹‚éƒQ[ƒ€,https://www.dlsite.com/maniax/work/=/product_id/RJ01646553.html,RJ01646553,,187,0,802,,3.82,17,990,594
2026-08-27T15:01:02.376456+00:00,•P‹RmƒGƒCƒ‹‚Ì’²‹³’Eo,https://www.dlsite.com/maniax/work/=/product_id/RJ01650277.html,RJ01650277,,28,0,281,,,,715,429
2026-08-27T15:01:02.376456+00:00,‹Ö’f‚ÌQæ‚ç‚ê–Ú˜^,https://www.dlsite.com/maniax/work/=/product_id/RJ01669480.html,RJ01669480,,766,1,2110,1,3.98,66,1980,1188
2026-08-27T15:01:02.376456+00:00,—c“éõJD‚Æˆúêr‚ÌO’‹–é,https://www.dlsite.com/maniax/work/=/product_id/RJ01681092.html,RJ01681092,,211,3,1069,,3.27,15,1584,950
2026-08-28T15:01:02.313211+00:00,˜S–‚ÌƒAƒYƒn,https://www.dlsite.com/maniax/work/=/product_id/RJ01401063.html,RJ01401063,,1003,1,2003,1,4.03,173,715,429
2026-08-28T15:01:02.313211+00:00,‰õŠy‘Â‚¿ƒƒCƒh,https://www.dlsite.com/maniax/work/=/product_id/RJ01405134.html,RJ01405134,,1512,0,2666,2,3.97,235,715,429
2026-08-28T15:01:02.313211+00:00,”ülá—«—L—,https://www.dlsite.com/maniax/work/=/product_id/RJ01405145.html,RJ01405145,,268,0,841,1,4.02,51,715,429
2026-08-28T15:01:02.313211+00:00,–³C‚È­—‚ğ‰´D‚İ‚Éõ‚ß‚é‚Ü‚Å,https://www.dlsite.com/maniax/work/=/product_id/RJ01406775.html,RJ01406775,,2938,0,4620,2,3.85,459,715,429
2026-08-28T15:01:02.313211+00:00,•Ó‹«‘º‚Ìˆú—”š“ûƒVƒXƒ^[,https://www.dlsite.com/maniax/work/=/product_id/RJ01411103.html,RJ01411103,,1322,1,2825,2,4.12,235,715,429
2026-08-28T15:01:02.313211+00:00,—ö“üŠ¯ƒ‰ƒCƒJ,https://www.dlsite.com/maniax/work/=/product_id/RJ01468362.html,RJ01468362,,857,1,1755,,4.17,119,990,594
2026-08-28T15:01:02.313211+00:00,NTR—c“éõ,https://www.dlsite.com/maniax/work/=/product_id/RJ01474148.html,RJ01474148,,1929,0,3444,2,4.15,274,990,594
2026-08-28T15:01:02.313211+00:00,“Á‘Î4”ÇƒJƒKƒŠƒƒC‚Ìö“ü‘{¸,https://www.dlsite.com/maniax/work/=/product_id/RJ01477080.html,RJ01477080,,972,0,1765,2,4.07,174,990,594
2026-08-28T15:01:02.313211+00:00,“û•‘º‚ÌˆúK,https://www.dlsite.com/maniax/work/=/product_id/RJ01503190.html,RJ01503190,,1098,0,2866,3,4.1,161,990,594
2026-08-28T15:01:02.313211+00:00,•ß‚ç‚í‚ê‚ÌƒZƒCƒ‰,https://www.dlsite.com/maniax/work/=/product_id/RJ01548560.html,RJ01548560,,3314,5,4865,2,4.08,355,935,561
2026-08-28T15:01:02.313211+00:00,V•Ä”ülOL‚ğ‰´ê—p‚Ìˆú——‚ÉI,https://www.dlsite.com/maniax/work/=/product_id/RJ01584326.html,RJ01584326,,3175,1,4110,,4.12,301,990,594
2026-08-28T15:01:02.313211+00:00,‚Ş‚Á‚Â‚èƒhƒXƒPƒxƒVƒXƒ^[ƒAƒŠƒA‚Æ”š“ûƒGƒbƒ`‚·‚éRPG,https://www.dlsite.com/maniax/work/=/product_id/RJ01630451.html,RJ01630451,,918,5,2686,2,3.89,74,715,429
2026-08-28T15:01:02.313211+00:00,––±“IƒƒCƒh‚ÍƒUƒR‚Ü‚ñ‚±,https://www.dlsite.com/maniax/work/=/product_id/RJ01643769.html,RJ01643769,,332,11,1564,,4.32,25,1980,1188
2026-08-28T15:01:02.313211+00:00,¶ˆÓ‹C‚È—c“éõ”Ş—‚ğˆ¤‚µ‚Ä‚í‚©‚ç‚¹‚éƒQ[ƒ€,https://www.dlsite.com/maniax/work/=/product_id/RJ01646553.html,RJ01646553,,190,3,803,,3.82,17,1980,1188
2026-08-28T15:01:02.313211+00:00,•P‹RmƒGƒCƒ‹‚Ì’²‹³’Eo,https://www.dlsite.com/maniax/work/=/product_id/RJ01650277.html,RJ01650277,,28,0,281,,,,1430,858
2026-08-28T15:01:02.313211+00:00,‹Ö’f‚ÌQæ‚ç‚ê–Ú˜^,https://www.dlsite.com/maniax/work/=/product_id/RJ01669480.html,RJ01669480,,767,1,2109,1,3.98,66,1980,1188
2026-08-28T15:01:02.313211+00:00,—c“éõJD‚Æˆúêr‚ÌO’‹–é,https://www.dlsite.com/maniax/work/=/product_id/RJ01681092.html,RJ01681092,,213,2,1069,,3.27,15,1584,950
2026-08-29T15:01:02.452352+00:00,˜S–‚ÌƒAƒYƒn,https://www.dlsite.com/maniax/work/=/product_id/RJ01401063.html,RJ01401063,,1003,0,2003,1,4.03,173,715,429
2026-08-29T15:01:02.452352+00:00,‰õŠy‘Â‚¿ƒƒCƒh,https://www.dlsite.com/maniax/work/=/product_id/RJ01405134.html,RJ01405134,,1512,0,2666,2,3.97,235,715,429
2026-08-29T15:01:02.452352+00:00,”ülá—«—L—,https://www.dlsite.com/maniax/work/=/product_id/RJ01405145.html,RJ01405145,,268,0,842,1,4.02,51,715,429
2026-08-29T15:01:02.452352+00:00,–³C‚È­—‚ğ‰´D‚İ‚Éõ‚ß‚é‚Ü‚Å,https://www.dlsite.com/maniax/work/=/product_id/RJ01406775.html,RJ01406775,,2939,1,4620,2,3.85,459,715,429
2026-08-29T15:01:02.452352+00:00,•Ó‹«‘º‚Ìˆú—”š“ûƒVƒXƒ^[,https://www.dlsite.com/maniax/work/=/product_id/RJ01411103.html,RJ01411103,,1323,1,2825,2,4.12,235,715,429
2026-08-29T15:01:02.452352+00:00,—ö“üŠ¯ƒ‰ƒCƒJ,https://www.dlsite.com/maniax/work/=/product_id/RJ01468362.html,RJ01468362,,858,1,1755,,4.17,119,990,594
2026-08-29T15:01:02.452352+00:00,NTR—c“éõ,https://www.dlsite.com/maniax/work/=/product_id/RJ01474148.html,RJ01474148,,1930,1,3442,2,4.15,274,990,594
2026-08-29T15:01:02.452352+00:00,“Á‘Î4”ÇƒJƒKƒŠƒƒC‚Ìö“ü‘{¸,https://www.dlsite.com/maniax/work/=/product_id/RJ01477080.html,RJ01477080,,972,0,1766,2,4.07,174,990,594
2026-08-29T15:01:02.452352+00:00,“û•‘º‚ÌˆúK,https://www.dlsite.com/maniax/work/=/product_id/RJ01503190.html,RJ01503190,,1098,0,2864,3,4.1,162,990,594
2026-08-29T15:01:02.452352+00:00,•ß‚ç‚í‚ê‚ÌƒZƒCƒ‰,https://www.dlsite.com/maniax/work/=/product_id/RJ01548560.html,RJ01548560,,3318,4,4872,2,4.08,355,935,561
2026-08-29T15:01:02.452352+00:00,V•Ä”ülOL‚ğ‰´ê—p‚Ìˆú——‚ÉI,https://www.dlsite.com/maniax/work/=/product_id/RJ01584326.html,RJ01584326,,3177,2,4109,,4.11,302,990,594
2026-08-29T15:01:02.452352+00:00,‚Ş‚Á‚Â‚èƒhƒXƒPƒxƒVƒXƒ^[ƒAƒŠƒA‚Æ”š“ûƒGƒbƒ`‚·‚éRPG,https://www.dlsite.com/maniax/work/=/product_id/RJ01630451.html,RJ01630451,,924,6,2686,2,3.87,75,715,429
2026-08-29T15:01:02.452352+00:00,––±“IƒƒCƒh‚ÍƒUƒR‚Ü‚ñ‚±,https://www.dlsite.com/maniax/work/=/product_id/RJ01643769.html,RJ01643769,,335,3,1584,,4.3,27,1980,1188
2026-08-29T15:01:02.452352+00:00,¶ˆÓ‹C‚È—c“éõ”Ş—‚ğˆ¤‚µ‚Ä‚í‚©‚ç‚¹‚éƒQ[ƒ€,https://www.dlsite.com/maniax/work/=/product_id/RJ01646553.html,RJ01646553,,190,0,802,,3.82,17,1980,1188
2026-08-29T15:01:02.452352+00:00,•P‹RmƒGƒCƒ‹‚Ì’²‹³’Eo,https://www.dlsite.com/maniax/work/=/product_id/RJ01650277.html,RJ01650277,,28,0,281,,,,1430,858
2026-08-29T15:01:02.452352+00:00,‹Ö’f‚ÌQæ‚ç‚ê–Ú˜^,https://www.dlsite.com/maniax/work/=/product_id/RJ01669480.html,RJ01669480,,768,1,2111,1,3.98,66,1980,1188
2026-08-29T15:01:02.452352+00:00,—c“éõJD‚Æˆúêr‚ÌO’‹–é,https://www.dlsite.com/maniax/work/=/product_id/RJ01681092.html,RJ01681092,,214,1,1074,,3.31,16,1584,950
2026-08-29T15:01:02.452352+00:00,ƒGƒ‹ƒt‚½‚¿‚Í¡“ú‚à’‚é,https://www.dlsite.com/maniax/work/=/product_id/RJ01704193.html,RJ01704193,,13,13,330,,,,1287,772
2026-08-30T15:01:02.370328+00:00,˜S–‚ÌƒAƒYƒn,https://www.dlsite.com/maniax/work/=/product_id/RJ01401063.html,RJ01401063,,1004,1,2002,1,4.03,173,715,429
2026-08-30T15:01:02.370328+00:00,‰õŠy‘Â‚¿ƒƒCƒh,https://www.dlsite.com/maniax/work/=/product_id/RJ01405134.html,RJ01405134,,1512,0,2666,2,3.97,235,715,429
2026-08-30T15:01:02.370328+00:00,”ülá—«—L—,https://www.dlsite.com/maniax/work/=/product_id/RJ01405145.html,RJ01405145,,268,0,842,1,4.02,51,715,429
2026-08-30T15:01:02.370328+00:00,–³C‚È­—‚ğ‰´D‚İ‚Éõ‚ß‚é‚Ü‚Å,https://www.dlsite.com/maniax/work/=/product_id/RJ01406775.html,RJ01406775,,2940,1,4622,2,3.85,459,715,429
2026-08-30T15:01:02.370328+00:00,•Ó‹«‘º‚Ìˆú—”š“ûƒVƒXƒ^[,https://www.dlsite.com/maniax/work/=/product_id/RJ01411103.html,RJ01411103,,1324,1,2825,2,4.12,235,715,429
2026-08-30T15:01:02.370328+00:00,—ö“üŠ¯ƒ‰ƒCƒJ,https://www.dlsite.com/maniax/work/=/product_id/RJ01468362.html,RJ01468362,,859,1,1754,,4.17,119,990,594
2026-08-30T15:01:02.370328+00:00,NTR—c“éõ,https://www.dlsite.com/maniax/work/=/product_id/RJ01474148.html,RJ01474148,,1931,1,3444,2,4.15,274,990,594
2026-08-30T15:01:02.370328+00:00,“Á‘Î4”ÇƒJƒKƒŠƒƒC‚Ìö“ü‘{¸,https://www.dlsite.com/maniax/work/=/product_id/RJ01477080.html,RJ01477080,,973,1,1766,2,4.07,174,990,594
2026-08-30T15:01:02.370328+00:00,“û•‘º‚ÌˆúK,https://www.dlsite.com/maniax/work/=/product_id/RJ01503190.html,RJ01503190,,1101,3,2863,3,4.1,162,990,594
2026-08-30T15:01:02.370328+00:00,•ß‚ç‚í‚ê‚ÌƒZƒCƒ‰,https://www.dlsite.com/maniax/work/=/product_id/RJ01548560.html,RJ01548560,,3321,3,4879,2,4.08,355,935,561
2026-08-30T15:01:02.370328+00:00,V•Ä”ülOL‚ğ‰´ê—p‚Ìˆú——‚ÉI,https://www.dlsite.com/maniax/work/=/product_id/RJ01584326.html,RJ01584326,,3179,2,4115,,4.11,302,990,594
2026-08-30T15:01:02.370328+00:00,‚Ş‚Á‚Â‚èƒhƒXƒPƒxƒVƒXƒ^[ƒAƒŠƒA‚Æ”š“ûƒGƒbƒ`‚·‚éRPG,https://www.dlsite.com/maniax/work/=/product_id/RJ01630451.html,RJ01630451,,927,3,2689,2,3.86,76,715,429
2026-08-30T15:01:02.370328+00:00,––±“IƒƒCƒh‚ÍƒUƒR‚Ü‚ñ‚±,https://www.dlsite.com/maniax/work/=/product_id/RJ01643769.html,RJ01643769,,338,3,1590,,4.3,27,1980,1188
2026-08-30T15:01:02.370328+00:00,¶ˆÓ‹C‚È—c“éõ”Ş—‚ğˆ¤‚µ‚Ä‚í‚©‚ç‚¹‚éƒQ[ƒ€,https://www.dlsite.com/maniax/work/=/product_id/RJ01646553.html,RJ01646553,,192,2,809,,3.83,18,1980,1188
2026-08-30T15:01:02.370328+00:00,•P‹RmƒGƒCƒ‹‚Ì’²‹³’Eo,https://www.dlsite.com/maniax/work/=/product_id/RJ01650277.html,RJ01650277,,28,0,280,,,,1430,858
2026-08-30T15:01:02.370328+00:00,‹Ö’f‚ÌQæ‚ç‚ê–Ú˜^,https://www.dlsite.com/maniax/work/=/product_id/RJ01669480.html,RJ01669480,,770,2,2114,1,3.98,66,1980,1188
2026-08-30T15:01:02.370328+00:00,—c“éõJD‚Æˆúêr‚ÌO’‹–é,https://www.dlsite.com/maniax/work/=/product_id/RJ01681092.html,RJ01681092,,216,2,1075,,3.31,16,1980,1188
2026-08-30T15:01:02.370328+00:00,ƒGƒ‹ƒt‚½‚¿‚Í¡“ú‚à’‚é,https://www.dlsite.com/maniax/work/=/product_id/RJ01704193.html,RJ01704193,,22,9,399,,,,1287,772
2026-08-31T15:01:02.397760+00:00,˜S–‚ÌƒAƒYƒn,https://www.dlsite.com/maniax/work/=/product_id/RJ01401063.html,RJ01401063,,1004,0,2002,1,4.03,173,715,429
2026-08-31T15:01:02.397760+00:00,‰õŠy‘Â‚¿ƒƒCƒh,https://www.dlsite.com/maniax/work/=/product_id/RJ01405134.html,RJ01405134,,1513,1,2666,2,3.97,235,715,429
2026-08-31T15:01:02.397760+00:00,”ülá—«—L—,https://www.dlsite.com/maniax/work/=/product_id/RJ01405145.html,RJ01405145,,268,0,842,1,4.02,51,715,429
2026-08-31T15:01:02.397760+00:00,–³C‚È­—‚ğ‰´D‚İ‚Éõ‚ß‚é‚Ü‚Å,https://www.dlsite.com/maniax/work/=/product_id/RJ01406775.html,RJ01406775,,2940,0,4622,2,3.84,460,715,429
2026-08-31T15:01:02.397760+00:00,•Ó‹«‘º‚Ìˆú—”š“ûƒVƒXƒ^[,https://www.dlsite.com/maniax/work/=/product_id/RJ01411103.html,RJ01411103,,1324,0,2826,2,4.12,235,715,429
2026-08-31T15:01:02.397760+00:00,—ö“üŠ¯ƒ‰ƒCƒJ,https://www.dlsite.com/maniax/work/=/product_id/RJ01468362.html,RJ01468362,,859,0,1753,,4.17,119,990,594
2026-08-31T15:01:02.397760+00:00,NTR—c“éõ,https://www.dlsite.com/maniax/work/=/product_id/RJ01474148.html,RJ01474148,,1931,0,3446,2,4.15,274,990,594
2026-08-31T15:01:02.397760+00:00,“Á‘Î4”ÇƒJƒKƒŠƒƒC‚Ìö“ü‘{¸,https://www.dlsite.com/maniax/work/=/product_id/RJ01477080.html,RJ01477080,,973,0,1766,2,4.07,174,990,594
2026-08-31T15:01:02.397760+00:00,“û•‘º‚ÌˆúK,https://www.dlsite.com/maniax/work/=/product_id/RJ01503190.html,RJ01503190,,1101,0,2860,3,4.09,163,990,594
2026-08-31T15:01:02.397760+00:00,•ß‚ç‚í‚ê‚ÌƒZƒCƒ‰,https://www.dlsite.com/maniax/work/=/product_id/RJ01548560.html,RJ01548560,,3324,3,4881,2,4.08,356,935,561
2026-08-31T15:01:02.397760+00:00,V•Ä”ülOL‚ğ‰´ê—p‚Ìˆú——‚ÉI,https://www.dlsite.com/maniax/work/=/product_id/RJ01584326.html,RJ01584326,,3181,2,4117,,4.11,302,990,594
2026-08-31T15:01:02.397760+00:00,‚Ş‚Á‚Â‚èƒhƒXƒPƒxƒVƒXƒ^[ƒAƒŠƒA‚Æ”š“ûƒGƒbƒ`‚·‚éRPG,https://www.dlsite.com/maniax/work/=/product_id/RJ01630451.html,RJ01630451,,930,3,2691,2,3.86,76,715,429
2026-08-31T15:01:02.397760+00:00,––±“IƒƒCƒh‚ÍƒUƒR‚Ü‚ñ‚±,https://www.dlsite.com/maniax/work/=/product_id/RJ01643769.html,RJ01643769,,340,2,1590,,4.25,28,1980,1188
2026-08-31T15:01:02.397760+00:00,¶ˆÓ‹C‚È—c“éõ”Ş—‚ğˆ¤‚µ‚Ä‚í‚©‚ç‚¹‚éƒQ[ƒ€,https://www.dlsite.com/maniax/work/=/product_id/RJ01646553.html,RJ01646553,,193,1,810,,3.83,18,1980,1188
2026-08-31T15:01:02.397760+00:00,•P‹RmƒGƒCƒ‹‚Ì’²‹³’Eo,https://www.dlsite.com/maniax/work/=/product_id/RJ01650277.html,RJ01650277,,28,0,281,,,,1430,858
2026-08-31T15:01:02.397760+00:00,‹Ö’f‚ÌQæ‚ç‚ê–Ú˜^,https://www.dlsite.com/maniax/work/=/product_id/RJ01669480.html,RJ01669480,,771,1,2119,1,4,67,1980,1188
2026-08-31T15:01:02.397760+00:00,—c“éõJD‚Æˆúêr‚ÌO’‹–é,https://www.dlsite.com/maniax/work/=/product_id/RJ01681092.html,RJ01681092,,216,0,1079,,3.31,16,1980,1188
2026-08-31T15:01:02.397760+00:00,ƒGƒ‹ƒt‚½‚¿‚Í¡“ú‚à’‚é,https://www.dlsite.com/maniax/work/=/product_id/RJ01704193.html,RJ01704193,,28,6,417,,,,1287,772
2026-09-01T15:01:02.380515+00:00,˜S–‚ÌƒAƒYƒn,https://www.dlsite.com/maniax/work/=/product_id/RJ01401063.html,RJ01401063,,1004,0,2001,1,4.03,173,715,429
2026-09-01T15:01:02.380515+00:00,‰õŠy‘Â‚¿ƒƒCƒh,https://www.dlsite.com/maniax/work/=/product_id/RJ01405134.html,RJ01405134,,1513,0,2666,2,3.97,235,715,429
2026-09-01T15:01:02.380515+00:00,”ülá—«—L—,https://www.dlsite.com/maniax/work/=/product_id/RJ01405145.html,RJ01405145,,268,0,842,1,4.02,51,715,429
2026-09-01T15:01:02.380515+00:00,–³C‚È­—‚ğ‰´D‚İ‚Éõ‚ß‚é‚Ü‚Å,https://www.dlsite.com/maniax/work/=/product_id/RJ01406775.html,RJ01406775,,2940,0,4622,2,3.84,460,715,429
2026-09-01T15:01:02.380515+00:00,•Ó‹«‘º‚Ìˆú—”š“ûƒVƒXƒ^[,https://www.dlsite.com/maniax/work/=/product_id/RJ01411103.html,RJ01411103,,1324,0,2826,2,4.12,235,715,429
2026-09-01T15:01:02.380515+00:00,—ö“üŠ¯ƒ‰ƒCƒJ,https://www.dlsite.com/maniax/work/=/product_id/RJ01468362.html,RJ01468362,,860,1,1753,,4.17,119,990,594
2026-09-01T15:01:02.380515+00:00,NTR—c“éõ,https://www.dlsite.com/maniax/work/=/product_id/RJ01474148.html,RJ01474148,,1931,0,3446,2,4.15,274,990,594
2026-09-01T15:01:02.380515+00:00,“Á‘Î4”ÇƒJƒKƒŠƒƒC‚Ìö“ü‘{¸,https://www.dlsite.com/maniax/work/=/product_id/RJ01477080.html,RJ01477080,,973,0,1766,2,4.07,174,990,594
2026-09-01T15:01:02.380515+00:00,“û•‘º‚ÌˆúK,https://www.dlsite.com/maniax/work/=/product_id/RJ01503190.html,RJ01503190,,1101,0,2860,3,4.09,163,990,594
2026-09-01T15:01:02.380515+00:00,•ß‚ç‚í‚ê‚ÌƒZƒCƒ‰,https://www.dlsite.com/maniax/work/=/product_id/RJ01548560.html,RJ01548560,,3331,7,4885,2,4.08,357,935,561
2026-09-01T15:01:02.380515+00:00,V•Ä”ülOL‚ğ‰´ê—p‚Ìˆú——‚ÉI,https://www.dlsite.com/maniax/work/=/product_id/RJ01584326.html,RJ01584326,,3182,1,4116,,4.11,303,990,594
2026-09-01T15:01:02.380515+00:00,‚Ş‚Á‚Â‚èƒhƒXƒPƒxƒVƒXƒ^[ƒAƒŠƒA‚Æ”š“ûƒGƒbƒ`‚·‚éRPG,https://www.dlsite.com/maniax/work/=/product_id/RJ01630451.html,RJ01630451,,935,5,2689,2,3.86,76,715,429
2026-09-01T15:01:02.380515+00:00,––±“IƒƒCƒh‚ÍƒUƒR‚Ü‚ñ‚±,https://www.dlsite.com/maniax/work/=/product_id/RJ01643769.html,RJ01643769,,350,10,1590,,4.25,28,1980,1188
2026-09-01T15:01:02.380515+00:00,¶ˆÓ‹C‚È—c“éõ”Ş—‚ğˆ¤‚µ‚Ä‚í‚©‚ç‚¹‚éƒQ[ƒ€,https://www.dlsite.com/maniax/work/=/product_id/RJ01646553.html,RJ01646553,,195,2,811,,3.83,18,1980,1188
2026-09-01T15:01:02.380515+00:00,•P‹RmƒGƒCƒ‹‚Ì’²‹³’Eo,https://www.dlsite.com/maniax/work/=/product_id/RJ01650277.html,RJ01650277,,28,0,281,,,,1430,858
2026-09-01T15:01:02.380515+00:00,‹Ö’f‚ÌQæ‚ç‚ê–Ú˜^,https://www.dlsite.com/maniax/work/=/product_id/RJ01669480.html,RJ01669480,,772,1,2119,1,4,67,1980,1188
2026-09-01T15:01:02.380515+00:00,—c“éõJD‚Æˆúêr‚ÌO’‹–é,https://www.dlsite.com/maniax/work/=/product_id/RJ01681092.html,RJ01681092,,216,0,1082,,3.41,17,1980,1188
2026-09-01T15:01:02.380515+00:00,ƒGƒ‹ƒt‚½‚¿‚Í¡“ú‚à’‚é,https://www.dlsite.com/maniax/work/=/product_id/RJ01704193.html,RJ01704193,,32,4,430,,,,1287,772
2026-09-02T15:01:02.372296+00:00,˜S–‚ÌƒAƒYƒn,https://www.dlsite.com/maniax/work/=/product_id/RJ01401063.html,RJ01401063,,1006,2,2001,1,4.03,173,715,429
2026-09-02T15:01:02.372296+00:00,‰õŠy‘Â‚¿ƒƒCƒh,https://www.dlsite.com/maniax/work/=/product_id/RJ01405134.html,RJ01405134,,1513,0,2666,2,3.96,236,715,429
2026-09-02T15:01:02.372296+00:00,”ülá—«—L—,https://www.dlsite.com/maniax/work/=/product_id/RJ01405145.html,RJ01405145,,268,0,841,1,4,52,715,429
2026-09-02T15:01:02.372296+00:00,–³C‚È­—‚ğ‰´D‚İ‚Éõ‚ß‚é‚Ü‚Å,https://www.dlsite.com/maniax/work/=/product_id/RJ01406775.html,RJ01406775,,2941,1,4622,2,3.84,461,715,429
2026-09-02T15:01:02.372296+00:00,•Ó‹«‘º‚Ìˆú—”š“ûƒVƒXƒ^[,https://www.dlsite.com/maniax/work/=/product_id/RJ01411103.html,RJ01411103,,1325,1,2826,2,4.12,236,715,429
2026-09-02T15:01:02.372296+00:00,—ö“üŠ¯ƒ‰ƒCƒJ,https://www.dlsite.com/maniax/work/=/product_id/RJ01468362.html,RJ01468362,,862,2,1755,,4.17,119,990,594
2026-09-02T15:01:02.372296+00:00,NTR—c“éõ,https://www.dlsite.com/maniax/work/=/product_id/RJ01474148.html,RJ01474148,,1932,1,3447,2,4.15,274,990,594
2026-09-02T15:01:02.372296+00:00,“Á‘Î4”ÇƒJƒKƒŠƒƒC‚Ìö“ü‘{¸,https://www.dlsite.com/maniax/work/=/product_id/RJ01477080.html,RJ01477080,,973,0,1766,2,4.07,174,990,594
2026-09-02T15:01:02.372296+00:00,“û•‘º‚ÌˆúK,https://www.dlsite.com/maniax/work/=/product_id/RJ01503190.html,RJ01503190,,1101,0,2861,3,4.09,163,990,594
2026-09-02T15:01:02.372296+00:00,•ß‚ç‚í‚ê‚ÌƒZƒCƒ‰,https://www.dlsite.com/maniax/work/=/product_id/RJ01548560.html,RJ01548560,,3335,4,4884,2,4.08,360,935,561
2026-09-02T15:01:02.372296+00:00,V•Ä”ülOL‚ğ‰´ê—p‚Ìˆú——‚ÉI,https://www.dlsite.com/maniax/work/=/product_id/RJ01584326.html,RJ01584326,,3184,2,4115,,4.11,305,990,594
2026-09-02T15:01:02.372296+00:00,‚Ş‚Á‚Â‚èƒhƒXƒPƒxƒVƒXƒ^[ƒAƒŠƒA‚Æ”š“ûƒGƒbƒ`‚·‚éRPG,https://www.dlsite.com/maniax/work/=/product_id/RJ01630451.html,RJ01630451,,940,5,2695,2,3.84,77,715,429
2026-09-02T15:01:02.372296+00:00,––±“IƒƒCƒh‚ÍƒUƒR‚Ü‚ñ‚±,https://www.dlsite.com/maniax/work/=/product_id/RJ01643769.html,RJ01643769,,355,5,1591,,4.25,28,1980,1188
2026-09-02T15:01:02.372296+00:00,¶ˆÓ‹C‚È—c“éõ”Ş—‚ğˆ¤‚µ‚Ä‚í‚©‚ç‚¹‚éƒQ[ƒ€,https://www.dlsite.com/maniax/work/=/product_id/RJ01646553.html,RJ01646553,,195,0,811,,3.83,18,1980,1188
2026-09-02T15:01:02.372296+00:00,•P‹RmƒGƒCƒ‹‚Ì’²‹³’Eo,https://www.dlsite.com/maniax/work/=/product_id/RJ01650277.html,RJ01650277,,28,0,281,,,,1430,858
2026-09-02T15:01:02.372296+00:00,‹Ö’f‚ÌQæ‚ç‚ê–Ú˜^,https://www.dlsite.com/maniax/work/=/product_id/RJ01669480.html,RJ01669480,,772,0,2122,1,3.99,68,1980,1188
2026-09-02T15:01:02.372296+00:00,—c“éõJD‚Æˆúêr‚ÌO’‹–é,https://www.dlsite.com/maniax/work/=/product_id/RJ01681092.html,RJ01681092,,217,1,1081,,3.41,17,1980,1188
2026-09-02T15:01:02.372296+00:00,ƒGƒ‹ƒt‚½‚¿‚Í¡“ú‚à’‚é,https://www.dlsite.com/maniax/work/=/product_id/RJ01704193.html,RJ01704193,,34,2,439,,,,1287,772
2026-09-03T15:01:02.327200+00:00,˜S–‚ÌƒAƒYƒn,https://www.dlsite.com/maniax/work/=/product_id/RJ01401063.html,RJ01401063,,1006,0,2001,1,4.03,173,715,429
2026-09-03T15:01:02.327200+00:00,‰õŠy‘Â‚¿ƒƒCƒh,https://www.dlsite.com/maniax/work/=/product_id/RJ01405134.html,RJ01405134,,1513,0,2666,2,3.96,236,715,429
2026-09-03T15:01:02.327200+00:00,”ülá—«—L—,https://www.dlsite.com/maniax/work/=/product_id/RJ01405145.html,RJ01405145,,268,0,841,1,4,52,715,429
2026-09-03T15:01:02.327200+00:00,–³C‚È­—‚ğ‰´D‚İ‚Éõ‚ß‚é‚Ü‚Å,https://www.dlsite.com/maniax/work/=/product_id/RJ01406775.html,RJ01406775,,2944,3,4622,2,3.84,461,715,429
2026-09-03T15:01:02.327200+00:00,•Ó‹«‘º‚Ìˆú—”š“ûƒVƒXƒ^[,https://www.dlsite.com/maniax/work/=/product_id/RJ01411103.html,RJ01411103,,1326,1,2826,2,4.12,236,715,429
2026-09-03T15:01:02.327200+00:00,—ö“üŠ¯ƒ‰ƒCƒJ,https://www.dlsite.com/maniax/work/=/product_id/RJ01468362.html,RJ01468362,,862,0,1755,,4.17,119,990,594
2026-09-03T15:01:02.327200+00:00,NTR—c“éõ,https://www.dlsite.com/maniax/work/=/product_id/RJ01474148.html,RJ01474148,,1932,0,3448,2,4.15,274,990,594
2026-09-03T15:01:02.327200+00:00,“Á‘Î4”ÇƒJƒKƒŠƒƒC‚Ìö“ü‘{¸,https://www.dlsite.com/maniax/work/=/product_id/RJ01477080.html,RJ01477080,,973,0,1766,2,4.07,174,990,594
2026-09-03T15:01:02.327200+00:00,“û•‘º‚ÌˆúK,https://www.dlsite.com/maniax/work/=/product_id/RJ01503190.html,RJ01503190,,1101,0,2862,3,4.09,163,990,594
2026-09-03T15:01:02.327200+00:00,•ß‚ç‚í‚ê‚ÌƒZƒCƒ‰,https://www.dlsite.com/maniax/work/=/product_id/RJ01548560.html,RJ01548560,,3339,4,4886,2,4.08,360,935,561
2026-09-03T15:01:02.327200+00:00,V•Ä”ülOL‚ğ‰´ê—p‚Ìˆú——‚ÉI,https://www.dlsite.com/maniax/work/=/product_id/RJ01584326.html,RJ01584326,,3184,0,4116,,4.1,307,990,594
2026-09-03T15:01:02.327200+00:00,‚Ş‚Á‚Â‚èƒhƒXƒPƒxƒVƒXƒ^[ƒAƒŠƒA‚Æ”š“ûƒGƒbƒ`‚·‚éRPG,https://www.dlsite.com/maniax/work/=/product_id/RJ01630451.html,RJ01630451,,948,8,2700,2,3.84,77,715,429
2026-09-03T15:01:02.327200+00:00,––±“IƒƒCƒh‚ÍƒUƒR‚Ü‚ñ‚±,https://www.dlsite.com/maniax/work/=/product_id/RJ01643769.html,RJ01643769,,359,4,1594,,4.25,28,1980,1188
2026-09-03T15:01:02.327200+00:00,¶ˆÓ‹C‚È—c“éõ”Ş—‚ğˆ¤‚µ‚Ä‚í‚©‚ç‚¹‚éƒQ[ƒ€,https://www.dlsite.com/maniax/work/=/product_id/RJ01646553.html,RJ01646553,,200,5,811,,3.83,18,1980,1188
2026-09-03T15:01:02.327200+00:00,•P‹RmƒGƒCƒ‹‚Ì’²‹³’Eo,https://www.dlsite.com/maniax/work/=/product_id/RJ01650277.html,RJ01650277,,28,0,280,,,,1430,858
2026-09-03T15:01:02.327200+00:00,‹Ö’f‚ÌQæ‚ç‚ê–Ú˜^,https://www.dlsite.com/maniax/work/=/product_id/RJ01669480.html,RJ01669480,,773,1,2123,1,3.97,69,1980,1188
2026-09-03T15:01:02.327200+00:00,—c“éõJD‚Æˆúêr‚ÌO’‹–é,https://www.dlsite.com/maniax/work/=/product_id/RJ01681092.html,RJ01681092,,217,0,1080,,3.41,17,1980,1188
2026-09-03T15:01:02.327200+00:00,ƒGƒ‹ƒt‚½‚¿‚Í¡“ú‚à’‚é,https://www.dlsite.com/maniax/work/=/product_id/RJ01704193.html,RJ01704193,,35,1,445,,,,1287,772
2026-09-04T15:01:02.284118+00:00,˜S–‚ÌƒAƒYƒn,https://www.dlsite.com/maniax/work/=/product_id/RJ01401063.html,RJ01401063,,1006,0,2000,1,4.03,173,715,429
2026-09-04T15:01:02.284118+00:00,‰õŠy‘Â‚¿ƒƒCƒh,https://www.dlsite.com/maniax/work/=/product_id/RJ01405134.html,RJ01405134,,1513,0,2666,2,3.96,236,715,429
2026-09-04T15:01:02.284118+00:00,”ülá—«—L—,https://www.dlsite.com/maniax/work/=/product_id/RJ01405145.html,RJ01405145,,268,0,841,1,4,52,715,429
2026-09-04T15:01:02.284118+00:00,–³C‚È­—‚ğ‰´D‚İ‚Éõ‚ß‚é‚Ü‚Å,https://www.dlsite.com/maniax/work/=/product_id/RJ01406775.html,RJ01406775,,2944,0,4623,2,3.84,461,715,429
2026-09-04T15:01:02.284118+00:00,•Ó‹«‘º‚Ìˆú—”š“ûƒVƒXƒ^[,https://www.dlsite.com/maniax/work/=/product_id/RJ01411103.html,RJ01411103,,1326,0,2827,2,4.12,236,715,429
2026-09-04T15:01:02.284118+00:00,—ö“üŠ¯ƒ‰ƒCƒJ,https://www.dlsite.com/maniax/work/=/product_id/RJ01468362.html,RJ01468362,,863,1,1755,,4.17,119,990,594
2026-09-04T15:01:02.284118+00:00,NTR—c“éõ,https://www.dlsite.com/maniax/work/=/product_id/RJ01474148.html,RJ01474148,,1932,0,3448,2,4.15,274,990,594
2026-09-04T15:01:02.284118+00:00,“Á‘Î4”ÇƒJƒKƒŠƒƒC‚Ìö“ü‘{¸,https://www.dlsite.com/maniax/work/=/product_id/RJ01477080.html,RJ01477080,,973,0,1766,2,4.07,174,990,594
2026-09-04T15:01:02.284118+00:00,“û•‘º‚ÌˆúK,https://www.dlsite.com/maniax/work/=/product_id/RJ01503190.html,RJ01503190,,1101,0,2862,3,4.09,163,990,594
2026-09-04T15:01:02.284118+00:00,•ß‚ç‚í‚ê‚ÌƒZƒCƒ‰,https://www.dlsite.com/maniax/work/=/product_id/RJ01548560.html,RJ01548560,,3340,1,4890,2,4.07,361,935,561
2026-09-04T15:01:02.284118+00:00,V•Ä”ülOL‚ğ‰´ê—p‚Ìˆú——‚ÉI,https://www.dlsite.com/maniax/work/=/product_id/RJ01584326.html,RJ01584326,,3184,0,4116,,4.1,307,990,594
2026-09-04T15:01:02.284118+00:00,‚Ş‚Á‚Â‚èƒhƒXƒPƒxƒVƒXƒ^[ƒAƒŠƒA‚Æ”š“ûƒGƒbƒ`‚·‚éRPG,https://www.dlsite.com/maniax/work/=/product_id/RJ01630451.html,RJ01630451,,951,3,2703,2,3.84,77,715,429
2026-09-04T15:01:02.284118+00:00,––±“IƒƒCƒh‚ÍƒUƒR‚Ü‚ñ‚±,https://www.dlsite.com/maniax/work/=/product_id/RJ01643769.html,RJ01643769,,362,3,1594,,4.28,29,1980,1188
2026-09-04T15:01:02.284118+00:00,¶ˆÓ‹C‚È—c“éõ”Ş—‚ğˆ¤‚µ‚Ä‚í‚©‚ç‚¹‚éƒQ[ƒ€,https://www.dlsite.com/maniax/work/=/product_id/RJ01646553.html,RJ01646553,,201,1,812,,3.83,18,1980,1188
2026-09-04T15:01:02.284118+00:00,•P‹RmƒGƒCƒ‹‚Ì’²‹³’Eo,https://www.dlsite.com/maniax/work/=/product_id/RJ01650277.html,RJ01650277,,28,0,280,,,,1430,858
2026-09-04T15:01:02.284118+00:00,‹Ö’f‚ÌQæ‚ç‚ê–Ú˜^,https://www.dlsite.com/maniax/work/=/product_id/RJ01669480.html,RJ01669480,,785,12,2115,1,3.97,69,1980,1188
2026-09-04T15:01:02.284118+00:00,—c“éõJD‚Æˆúêr‚ÌO’‹–é,https://www.dlsite.com/maniax/work/=/product_id/RJ01681092.html,RJ01681092,,217,0,1078,,3.41,17,1980,1188
2026-09-04T15:01:02.284118+00:00,ƒGƒ‹ƒt‚½‚¿‚Í¡“ú‚à’‚é,https://www.dlsite.com/maniax/work/=/product_id/RJ01704193.html,RJ01704193,,35,0,451,,,,1287,772
2026-09-05T15:01:02.261970+00:00,˜S–‚ÌƒAƒYƒn,https://www.dlsite.com/maniax/work/=/product_id/RJ01401063.html,RJ01401063,,1006,0,2001,1,4.03,173,715,429
2026-09-05T15:01:02.261970+00:00,‰õŠy‘Â‚¿ƒƒCƒh,https://www.dlsite.com/maniax/work/=/product_id/RJ01405134.html,RJ01405134,,1513,0,2665,2,3.96,236,715,429
2026-09-05T15:01:02.261970+00:00,”ülá—«—L—,https://www.dlsite.com/maniax/work/=/product_id/RJ01405145.html,RJ01405145,,268,0,841,1,4,52,715,429
2026-09-05T15:01:02.261970+00:00,–³C‚È­—‚ğ‰´D‚İ‚Éõ‚ß‚é‚Ü‚Å,https://www.dlsite.com/maniax/work/=/product_id/RJ01406775.html,RJ01406775,,2945,1,4622,2,3.84,461,715,429
2026-09-05T15:01:02.261970+00:00,•Ó‹«‘º‚Ìˆú—”š“ûƒVƒXƒ^[,https://www.dlsite.com/maniax/work/=/product_id/RJ01411103.html,RJ01411103,,1326,0,2828,2,4.12,236,715,429
2026-09-05T15:01:02.261970+00:00,—ö“üŠ¯ƒ‰ƒCƒJ,https://www.dlsite.com/maniax/work/=/product_id/RJ01468362.html,RJ01468362,,865,2,1755,,4.17,119,990,594
2026-09-05T15:01:02.261970+00:00,NTR—c“éõ,https://www.dlsite.com/maniax/work/=/product_id/RJ01474148.html,RJ01474148,,1932,0,3449,2,4.15,274,990,594
2026-09-05T15:01:02.261970+00:00,“Á‘Î4”ÇƒJƒKƒŠƒƒC‚Ìö“ü‘{¸,https://www.dlsite.com/maniax/work/=/product_id/RJ01477080.html,RJ01477080,,973,0,1768,2,4.07,174,990,594
2026-09-05T15:01:02.261970+00:00,“û•‘º‚ÌˆúK,https://www.dlsite.com/maniax/work/=/product_id/RJ01503190.html,RJ01503190,,1101,0,2865,3,4.09,164,990,594
2026-09-05T15:01:02.261970+00:00,•ß‚ç‚í‚ê‚ÌƒZƒCƒ‰,https://www.dlsite.com/maniax/work/=/product_id/RJ01548560.html,RJ01548560,,3346,6,4895,2,4.07,361,935,561
2026-09-05T15:01:02.261970+00:00,V•Ä”ülOL‚ğ‰´ê—p‚Ìˆú——‚ÉI,https://www.dlsite.com/maniax/work/=/product_id/RJ01584326.html,RJ01584326,,3187,3,4115,,4.1,307,990,594
2026-09-05T15:01:02.261970+00:00,‚Ş‚Á‚Â‚èƒhƒXƒPƒxƒVƒXƒ^[ƒAƒŠƒA‚Æ”š“ûƒGƒbƒ`‚·‚éRPG,https://www.dlsite.com/maniax/work/=/product_id/RJ01630451.html,RJ01630451,,957,6,2711,2,3.89,80,715,429
2026-09-05T15:01:02.261970+00:00,––±“IƒƒCƒh‚ÍƒUƒR‚Ü‚ñ‚±,https://www.dlsite.com/maniax/work/=/product_id/RJ01643769.html,RJ01643769,,372,10,1596,,4.28,29,990,594
2026-09-05T15:01:02.261970+00:00,¶ˆÓ‹C‚È—c“éõ”Ş—‚ğˆ¤‚µ‚Ä‚í‚©‚ç‚¹‚éƒQ[ƒ€,https://www.dlsite.com/maniax/work/=/product_id/RJ01646553.html,RJ01646553,,203,2,812,,3.84,19,990,594
2026-09-05T15:01:02.261970+00:00,•P‹RmƒGƒCƒ‹‚Ì’²‹³’Eo,https://www.dlsite.com/maniax/work/=/product_id/RJ01650277.html,RJ01650277,,28,0,279,,,,715,429
2026-09-05T15:01:02.261970+00:00,‹Ö’f‚ÌQæ‚ç‚ê–Ú˜^,https://www.dlsite.com/maniax/work/=/product_id/RJ01669480.html,RJ01669480,,804,19,2111,1,3.97,69,990,594
2026-09-05T15:01:02.261970+00:00,—c“éõJD‚Æˆúêr‚ÌO’‹–é,https://www.dlsite.com/maniax/work/=/product_id/RJ01681092.html,RJ01681092,,219,2,1078,,3.53,19,1980,1188
2026-09-05T15:01:02.261970+00:00,ƒGƒ‹ƒt‚½‚¿‚Í¡“ú‚à’‚é,https://www.dlsite.com/maniax/work/=/product_id/RJ01704193.html,RJ01704193,,37,2,456,,,,1287,772
2026-09-05T15:01:02.261970+00:00,JK-ƒŒ‰­—‹³ˆç‰Û’ö-,https://www.dlsite.com/maniax/work/=/product_id/RJ01711253.html,RJ01711253,,40,40,444,,,,1287,772
2026-09-06T15:01:02.408956+00:00,ç‰¢ç„ã®ã‚¢ã‚ºãƒ,https://www.dlsite.com/maniax/work/=/product_id/RJ01401063.html,RJ01401063,,1007,1,2000,1,4.03,173,715,429
2026-09-06T15:01:02.408956+00:00,å¿«æ¥½å •ã¡ãƒ¡ã‚¤ãƒ‰,https://www.dlsite.com/maniax/work/=/product_id/RJ01405134.html,RJ01405134,,1513,0,2669,2,3.96,236,715,429
2026-09-06T15:01:02.408956+00:00,ç¾äººè‹¥å¥³å°†æœ‰ç†,https://www.dlsite.com/maniax/work/=/product_id/RJ01405145.html,RJ01405145,,269,1,841,1,4.0,52,715,429
2026-09-06T15:01:02.408956+00:00,ç„¡å¢ãªå°‘å¥³ã‚’ä¿ºå¥½ã¿ã«æŸ“ã‚ã‚‹ã¾ã§,https://www.dlsite.com/maniax/work/=/product_id/RJ01406775.html,RJ01406775,,2946,1,4624,2,3.84,461,715,429
2026-09-06T15:01:02.408956+00:00,è¾ºå¢ƒæ‘ã®æ·«ä¹±çˆ†ä¹³ã‚·ã‚¹ã‚¿ãƒ¼,https://www.dlsite.com/maniax/work/=/product_id/RJ01411103.html,RJ01411103,,1326,0,2828,2,4.12,236,715,429
2026-09-06T15:01:02.408956+00:00,å¥³æ½œå…¥å®˜ãƒ©ã‚¤ã‚«,https://www.dlsite.com/maniax/work/=/product_id/RJ01468362.html,RJ01468362,,866,1,1755,,4.15,120,990,594
2026-09-06T15:01:02.408956+00:00,NTRå¹¼é¦´æŸ“,https://www.dlsite.com/maniax/work/=/product_id/RJ01474148.html,RJ01474148,,1934,2,3450,2,4.16,275,990,594
2026-09-06T15:01:02.408956+00:00,ç‰¹å¯¾4ç­ã‚«ã‚¬ãƒªãƒ¡ã‚¤ã®æ½œå…¥æœæŸ»,https://www.dlsite.com/maniax/work/=/product_id/RJ01477080.html,RJ01477080,,973,0,1767,2,4.07,174,990,594
2026-09-06T15:01:02.408956+00:00,ä¹³æ’«æ‘ã®æ·«ç¿’,https://www.dlsite.com/maniax/work/=/product_id/RJ01503190.html,RJ01503190,,1101,0,2864,3,4.09,165,990,594
2026-09-06T15:01:02.408956+00:00,æ•ã‚‰ã‚ã‚Œã®ã‚»ã‚¤ãƒ©,https://www.dlsite.com/maniax/work/=/product_id/RJ01548560.html,RJ01548560,,3350,4,4899,2,4.07,363,935,561
2026-09-06T15:01:02.408956+00:00,æ–°ç±³ç¾äººOLã‚’ä¿ºå°‚ç”¨ã®æ·«ä¹±å¥³ã«ï¼,https://www.dlsite.com/maniax/work/=/product_id/RJ01584326.html,RJ01584326,,3189,2,4114,,4.09,308,990,594
2026-09-06T15:01:02.408956+00:00,ã‚€ã£ã¤ã‚Šãƒ‰ã‚¹ã‚±ãƒ™ã‚·ã‚¹ã‚¿ãƒ¼ã‚¢ãƒªã‚¢ã¨çˆ†ä¹³ã‚¨ãƒƒãƒã™ã‚‹RPG,https://www.dlsite.com/maniax/work/=/product_id/RJ01630451.html,RJ01630451,,961,4,2720,2,3.9,81,715,429
2026-09-06T15:01:02.408956+00:00,äº‹å‹™çš„ãƒ¡ã‚¤ãƒ‰ã¯ã‚¶ã‚³ã¾ã‚“ã“,https://www.dlsite.com/maniax/work/=/product_id/RJ01643769.html,RJ01643769,,383,11,1603,,4.3,30,990,594
2026-09-06T15:01:02.408956+00:00,ç”Ÿæ„æ°—ãªå¹¼é¦´æŸ“å½¼å¥³ã‚’æ„›ã—ã¦ã‚ã‹ã‚‰ã›ã‚‹ã‚²ãƒ¼ãƒ ,https://www.dlsite.com/maniax/work/=/product_id/RJ01646553.html,RJ01646553,,205,2,811,,3.91,22,990,594
2026-09-06T15:01:02.408956+00:00,å§«é¨å£«ã‚¨ã‚¤ãƒ«ã®èª¿æ•™è„±å‡º,https://www.dlsite.com/maniax/work/=/product_id/RJ01650277.html,RJ01650277,,29,1,279,,,,715,429
2026-09-06T15:01:02.408956+00:00,ç¦æ–­ã®å¯å–ã‚‰ã‚Œç›®éŒ²,https://www.dlsite.com/maniax/work/=/product_id/RJ01669480.html,RJ01669480,,813,9,2110,1,3.96,71,990,594
2026-09-06T15:01:02.408956+00:00,å¹¼é¦´æŸ“JDã¨æ·«é¡ã®ä¸‰æ˜¼å¤œ,https://www.dlsite.com/maniax/work/=/product_id/RJ01681092.html,RJ01681092,,219,0,1078,,3.53,19,1980,1188
2026-09-06T15:01:02.408956+00:00,ã‚¨ãƒ«ãƒ•ãŸã¡ã¯ä»Šæ—¥ã‚‚è³œã‚‹,https://www.dlsite.com/maniax/work/=/product_id/RJ01704193.html,RJ01704193,,40,3,459,,,,1287,772
2026-09-06T15:01:02.408956+00:00,JK-ç´”æ½”å°‘å¥³æ•™è‚²èª²ç¨‹-,https://www.dlsite.com/maniax/work/=/product_id/RJ01711253.html,RJ01711253,,52,52,482,,3.2,5,1287,772
2026-09-07T15:01:02.298458+00:00,ç‰¢ç„ã®ã‚¢ã‚ºãƒ,https://www.dlsite.com/maniax/work/=/product_id/RJ01401063.html,RJ01401063,,1007,0,2001,1,4.03,173,715,429
2026-09-07T15:01:02.298458+00:00,å¿«æ¥½å •ã¡ãƒ¡ã‚¤ãƒ‰,https://www.dlsite.com/maniax/work/=/product_id/RJ01405134.html,RJ01405134,,1513,0,2670,2,3.96,236,715,429
2026-09-07T15:01:02.298458+00:00,ç¾äººè‹¥å¥³å°†æœ‰ç†,https://www.dlsite.com/maniax/work/=/product_id/RJ01405145.html,RJ01405145,,269,0,841,1,4.0,52,715,429
2026-09-07T15:01:02.298458+00:00,ç„¡å¢ãªå°‘å¥³ã‚’ä¿ºå¥½ã¿ã«æŸ“ã‚ã‚‹ã¾ã§,https://www.dlsite.com/maniax/work/=/product_id/RJ01406775.html,RJ01406775,,2946,0,4625,2,3.84,461,715,429
2026-09-07T15:01:02.298458+00:00,è¾ºå¢ƒæ‘ã®æ·«ä¹±çˆ†ä¹³ã‚·ã‚¹ã‚¿ãƒ¼,https://www.dlsite.com/maniax/work/=/product_id/RJ01411103.html,RJ01411103,,1326,0,2828,2,4.12,236,715,429
2026-09-07T15:01:02.298458+00:00,å¥³æ½œå…¥å®˜ãƒ©ã‚¤ã‚«,https://www.dlsite.com/maniax/work/=/product_id/RJ01468362.html,RJ01468362,,867,1,1757,,4.15,120,990,594
2026-09-07T15:01:02.298458+00:00,NTRå¹¼é¦´æŸ“,https://www.dlsite.com/maniax/work/=/product_id/RJ01474148.html,RJ01474148,,1934,0,3451,2,4.16,275,990,594
2026-09-07T15:01:02.298458+00:00,ç‰¹å¯¾4ç­ã‚«ã‚¬ãƒªãƒ¡ã‚¤ã®æ½œå…¥æœæŸ»,https://www.dlsite.com/maniax/work/=/product_id/RJ01477080.html,RJ01477080,,974,1,1767,2,4.07,174,990,594
2026-09-07T15:01:02.298458+00:00,ä¹³æ’«æ‘ã®æ·«ç¿’,https://www.dlsite.com/maniax/work/=/product_id/RJ01503190.html,RJ01503190,,1102,1,2866,3,4.09,165,990,594
2026-09-07T15:01:02.298458+00:00,æ•ã‚‰ã‚ã‚Œã®ã‚»ã‚¤ãƒ©,https://www.dlsite.com/maniax/work/=/product_id/RJ01548560.html,RJ01548560,,3352,2,4900,2,4.07,364,935,561
2026-09-07T15:01:02.298458+00:00,æ–°ç±³ç¾äººOLã‚’ä¿ºå°‚ç”¨ã®æ·«ä¹±å¥³ã«ï¼,https://www.dlsite.com/maniax/work/=/product_id/RJ01584326.html,RJ01584326,,3190,1,4114,,4.09,308,990,594
2026-09-07T15:01:02.298458+00:00,ã‚€ã£ã¤ã‚Šãƒ‰ã‚¹ã‚±ãƒ™ã‚·ã‚¹ã‚¿ãƒ¼ã‚¢ãƒªã‚¢ã¨çˆ†ä¹³ã‚¨ãƒƒãƒã™ã‚‹RPG,https://www.dlsite.com/maniax/work/=/product_id/RJ01630451.html,RJ01630451,,962,1,2720,2,3.9,81,715,429
2026-09-07T15:01:02.298458+00:00,äº‹å‹™çš„ãƒ¡ã‚¤ãƒ‰ã¯ã‚¶ã‚³ã¾ã‚“ã“,https://www.dlsite.com/maniax/work/=/product_id/RJ01643769.html,RJ01643769,,385,2,1610,,4.31,32,990,594
2026-09-07T15:01:02.298458+00:00,ç”Ÿæ„æ°—ãªå¹¼é¦´æŸ“å½¼å¥³ã‚’æ„›ã—ã¦ã‚ã‹ã‚‰ã›ã‚‹ã‚²ãƒ¼ãƒ ,https://www.dlsite.com/maniax/work/=/product_id/RJ01646553.html,RJ01646553,,208,3,811,,3.91,22,990,594
2026-09-07T15:01:02.298458+00:00,å§«é¨å£«ã‚¨ã‚¤ãƒ«ã®èª¿æ•™è„±å‡º,https://www.dlsite.com/maniax/work/=/product_id/RJ01650277.html,RJ01650277,,29,0,279,,,,715,429
2026-09-07T15:01:02.298458+00:00,ç¦æ–­ã®å¯å–ã‚‰ã‚Œç›®éŒ²,https://www.dlsite.com/maniax/work/=/product_id/RJ01669480.html,RJ01669480,,820,7,2104,1,3.96,71,990,594
2026-09-07T15:01:02.298458+00:00,å¹¼é¦´æŸ“JDã¨æ·«é¡ã®ä¸‰æ˜¼å¤œ,https://www.dlsite.com/maniax/work/=/product_id/RJ01681092.html,RJ01681092,,219,0,1078,,3.53,19,1980,1188
2026-09-07T15:01:02.298458+00:00,ã‚¨ãƒ«ãƒ•ãŸã¡ã¯ä»Šæ—¥ã‚‚è³œã‚‹,https://www.dlsite.com/maniax/work/=/product_id/RJ01704193.html,RJ01704193,,41,1,461,,,,1287,772
2026-09-07T15:01:02.298458+00:00,JK-ç´”æ½”å°‘å¥³æ•™è‚²èª²ç¨‹-,https://www.dlsite.com/maniax/work/=/product_id/RJ01711253.html,RJ01711253,,60,8,534,,3.2,5,1287,772
